지점,지점명,일시,기온(°C),누적강수량(mm),풍향(deg),풍속(m/s),습도(%)
119,수원,2023-08-18 00:01,25.3,0,209.6,.9,84.2
119,수원,2023-08-18 00:02,25.3,0,213.3,.9,84.4
119,수원,2023-08-18 00:03,25.3,0,196.2,1.3,84.5
119,수원,2023-08-18 00:04,25.3,0,184.6,.9,84.6
119,수원,2023-08-18 00:05,25.2,0,174.6,1.1,84.7
119,수원,2023-08-18 00:06,25.2,0,180,1.3,84.7
119,수원,2023-08-18 00:07,25.2,0,194.5,.9,84.7
119,수원,2023-08-18 00:08,25.2,0,221.6,.8,84.7
119,수원,2023-08-18 00:09,25.2,0,210.3,.5,84.7
119,수원,2023-08-18 00:10,25.2,0,211.5,.5,84.7
119,수원,2023-08-18 00:11,25.2,0,179.5,.6,84.8
119,수원,2023-08-18 00:12,25.2,0,187.4,.6,84.7
119,수원,2023-08-18 00:13,25.2,0,229.2,.9,84.5
119,수원,2023-08-18 00:14,25.2,0,203.6,1,84.6
119,수원,2023-08-18 00:15,25.2,0,199.5,1.2,84.5
119,수원,2023-08-18 00:16,25.2,0,207.9,1.3,84.5
119,수원,2023-08-18 00:17,25.2,0,204.3,1.6,84.7
119,수원,2023-08-18 00:18,25.2,0,225.1,1.5,84.6
119,수원,2023-08-18 00:19,25.2,0,211.6,1.2,84.8
119,수원,2023-08-18 00:20,25.2,0,209.4,.9,84.6
119,수원,2023-08-18 00:21,25.1,0,204,.6,84.9
119,수원,2023-08-18 00:22,25.1,0,212.2,.5,84.9
119,수원,2023-08-18 00:23,25.1,0,193,0,84.6
119,수원,2023-08-18 00:24,25.1,0,218,0,84.9
119,수원,2023-08-18 00:25,25.1,0,250,0,84.7
119,수원,2023-08-18 00:26,25.2,0,235.9,.3,84.8
119,수원,2023-08-18 00:27,25.1,0,225,.6,85.1
119,수원,2023-08-18 00:28,25.1,0,227.8,.7,85.2
119,수원,2023-08-18 00:29,25.1,0,222.4,.7,85.3
119,수원,2023-08-18 00:30,25.1,0,233.7,.7,85.6
119,수원,2023-08-18 00:31,25.1,0,228.7,.5,85.6
119,수원,2023-08-18 00:32,25.1,0,207.1,.7,85.5
119,수원,2023-08-18 00:33,25.1,0,204.6,.5,85.4
119,수원,2023-08-18 00:34,25.1,0,219.6,.5,85.2
119,수원,2023-08-18 00:35,25.1,0,231.9,.3,84.7
119,수원,2023-08-18 00:36,25.1,0,201.8,0,84.7
119,수원,2023-08-18 00:37,25.1,0,221.4,.3,84.5
119,수원,2023-08-18 00:38,25.1,0,282.7,.3,84.2
119,수원,2023-08-18 00:39,25.1,0,312.1,0,84.4
119,수원,2023-08-18 00:40,25.2,0,334,0,84.4
119,수원,2023-08-18 00:41,25.1,0,9.6,0,84.5
119,수원,2023-08-18 00:42,25.2,0,23,0,84.5
119,수원,2023-08-18 00:43,25.2,0,44.5,.3,84.8
119,수원,2023-08-18 00:44,25.2,0,50.8,0,84.8
119,수원,2023-08-18 00:45,25.2,0,16.7,0,84.9
119,수원,2023-08-18 00:46,25.2,0,314.8,0,85
119,수원,2023-08-18 00:47,25.1,0,353.5,0,84.7
119,수원,2023-08-18 00:48,25.1,0,20.2,0,84.9
119,수원,2023-08-18 00:49,25.1,0,63.3,0,85.1
119,수원,2023-08-18 00:50,25.1,0,89.3,0,85
119,수원,2023-08-18 00:51,25.1,0,306.8,0,85.3
119,수원,2023-08-18 00:52,25.1,0,271.9,0,85.2
119,수원,2023-08-18 00:53,25.1,0,347.2,0,85.2
119,수원,2023-08-18 00:54,25.1,0,15.5,0,85
119,수원,2023-08-18 00:55,25.1,0,267.4,0,84.8
119,수원,2023-08-18 00:56,25.1,0,201.9,.2,84.9
119,수원,2023-08-18 00:57,25.1,0,231.2,.3,85
119,수원,2023-08-18 00:58,25.1,0,224.1,1.2,85.4
119,수원,2023-08-18 00:59,25.1,0,223,1.3,84.8
119,수원,2023-08-18 01:00,25.1,0,229.6,1.5,84.8
119,수원,2023-08-18 01:01,25.1,0,235.2,1.4,85
119,수원,2023-08-18 01:02,25.1,0,239.1,1.6,85.1
119,수원,2023-08-18 01:03,25.1,0,245.5,1.6,85.1
119,수원,2023-08-18 01:04,25,0,250.5,1.5,85.2
119,수원,2023-08-18 01:05,25,0,254.3,1.6,85.3
119,수원,2023-08-18 01:06,25,0,253.6,1.8,84.8
119,수원,2023-08-18 01:07,25,0,222.8,1.6,84.8
119,수원,2023-08-18 01:08,25,0,213.9,1.1,84.6
119,수원,2023-08-18 01:09,25,0,218,1.1,85
119,수원,2023-08-18 01:10,25,0,213.2,1.6,85.2
119,수원,2023-08-18 01:11,25,0,244.4,1,84.8
119,수원,2023-08-18 01:12,25,0,235.5,2.1,84.9
119,수원,2023-08-18 01:13,25,0,224.9,1.4,84.7
119,수원,2023-08-18 01:14,25,0,224.7,1.7,84.7
119,수원,2023-08-18 01:15,25,0,230.5,1.4,84.7
119,수원,2023-08-18 01:16,25,0,231.2,.8,84.7
119,수원,2023-08-18 01:17,25,0,206.6,1.1,85
119,수원,2023-08-18 01:18,25,0,208.2,1.5,85
119,수원,2023-08-18 01:19,25,0,188,1.2,85.2
119,수원,2023-08-18 01:20,24.9,0,212,1.2,85.2
119,수원,2023-08-18 01:21,24.9,0,197.9,1.2,85.4
119,수원,2023-08-18 01:22,24.9,0,205.2,1.4,85.4
119,수원,2023-08-18 01:23,24.9,0,195.2,.7,85.5
119,수원,2023-08-18 01:24,24.9,0,202.9,.8,85.6
119,수원,2023-08-18 01:25,24.9,0,233.8,1.2,85.7
119,수원,2023-08-18 01:26,24.8,0,196.5,.9,85.7
119,수원,2023-08-18 01:27,24.8,0,207.9,1.1,85.8
119,수원,2023-08-18 01:28,24.8,0,250.8,1.1,86
119,수원,2023-08-18 01:29,24.8,0,243.5,1.1,86.2
119,수원,2023-08-18 01:30,24.8,0,229.8,1.4,86.3
119,수원,2023-08-18 01:31,24.8,0,214.1,1.3,86.4
119,수원,2023-08-18 01:32,24.8,0,227.4,1.9,86.4
119,수원,2023-08-18 01:33,24.8,0,237.3,1.8,86.6
119,수원,2023-08-18 01:34,24.8,0,215.9,2.2,86.9
119,수원,2023-08-18 01:35,24.8,0,223.6,2.1,86.9
119,수원,2023-08-18 01:36,24.8,0,222.2,1.8,86.8
119,수원,2023-08-18 01:37,24.8,0,218.1,1.6,87
119,수원,2023-08-18 01:38,24.8,0,213.4,1.3,86.9
119,수원,2023-08-18 01:39,24.8,0,232.1,.8,86.8
119,수원,2023-08-18 01:40,24.8,0,255.3,.3,86.6
119,수원,2023-08-18 01:41,24.8,0,238,.6,86.4
119,수원,2023-08-18 01:42,24.8,0,264.4,.6,86.6
119,수원,2023-08-18 01:43,24.8,0,276.8,.4,86.2
119,수원,2023-08-18 01:44,24.8,0,222.4,.1,86.1
119,수원,2023-08-18 01:45,24.9,0,258.1,1,85.9
119,수원,2023-08-18 01:46,24.9,0,251.5,.5,86.1
119,수원,2023-08-18 01:47,24.9,0,239.7,.3,85.7
119,수원,2023-08-18 01:48,24.9,0,232.1,.8,85.4
119,수원,2023-08-18 01:49,24.9,0,259.7,.5,85.5
119,수원,2023-08-18 01:50,24.9,0,227.7,.7,85.6
119,수원,2023-08-18 01:51,24.9,0,240.5,.9,85.6
119,수원,2023-08-18 01:52,25,0,232.2,1.2,85.8
119,수원,2023-08-18 01:53,25,0,234.1,1.4,85.7
119,수원,2023-08-18 01:54,25,0,233,1.1,85.7
119,수원,2023-08-18 01:55,25,0,249.6,.6,85.8
119,수원,2023-08-18 01:56,24.9,0,244.9,.7,85.8
119,수원,2023-08-18 01:57,24.9,0,236.4,.2,85.7
119,수원,2023-08-18 01:58,24.9,0,336,0,85.7
119,수원,2023-08-18 01:59,24.9,0,200.4,0,85.5
119,수원,2023-08-18 02:00,24.9,0,257.3,0,85.5
119,수원,2023-08-18 02:01,24.9,0,255.9,0,85.3
119,수원,2023-08-18 02:02,24.9,0,248.9,0,85.2
119,수원,2023-08-18 02:03,24.9,0,243.7,.4,85
119,수원,2023-08-18 02:04,24.9,0,240.7,.3,84.9
119,수원,2023-08-18 02:05,24.9,0,273.5,.2,85
119,수원,2023-08-18 02:06,24.9,0,211.4,0,85
119,수원,2023-08-18 02:07,24.9,0,220.9,0,85.1
119,수원,2023-08-18 02:08,24.9,0,237.6,0,85
119,수원,2023-08-18 02:09,24.9,0,239.9,0,84.8
119,수원,2023-08-18 02:10,24.9,0,259.8,.2,85.1
119,수원,2023-08-18 02:11,24.9,0,242.5,.2,85.1
119,수원,2023-08-18 02:12,24.8,0,232,.4,85.4
119,수원,2023-08-18 02:13,24.8,0,213.8,.5,85.5
119,수원,2023-08-18 02:14,24.8,0,214.1,.6,85.6
119,수원,2023-08-18 02:15,24.8,0,274,0,85.7
119,수원,2023-08-18 02:16,24.8,0,253.6,0,85.6
119,수원,2023-08-18 02:17,24.8,0,324.1,0,85.7
119,수원,2023-08-18 02:18,24.8,0,325.7,0,86.1
119,수원,2023-08-18 02:19,24.8,0,287.6,0,86.1
119,수원,2023-08-18 02:20,24.8,0,319.8,0,86.3
119,수원,2023-08-18 02:21,24.8,0,6.4,0,86.6
119,수원,2023-08-18 02:22,24.8,0,6.7,0,86.6
119,수원,2023-08-18 02:23,24.8,0,39,0,86.4
119,수원,2023-08-18 02:24,24.8,0,3.1,0,86.4
119,수원,2023-08-18 02:25,24.8,0,7.3,0,86.7
119,수원,2023-08-18 02:26,24.8,0,8.9,0,86.6
119,수원,2023-08-18 02:27,24.8,0,314.5,0,86.6
119,수원,2023-08-18 02:28,24.8,0,316.6,0,86.7
119,수원,2023-08-18 02:29,24.7,0,348.6,.5,86.9
119,수원,2023-08-18 02:30,24.7,0,10.5,.6,87.1
119,수원,2023-08-18 02:31,24.7,0,2.8,.9,87.1
119,수원,2023-08-18 02:32,24.7,0,6.2,.5,86.9
119,수원,2023-08-18 02:33,24.7,0,37.2,.2,86.7
119,수원,2023-08-18 02:34,24.7,0,33.8,0,86.5
119,수원,2023-08-18 02:35,24.7,0,33.6,0,86.8
119,수원,2023-08-18 02:36,24.7,0,208,0,87.1
119,수원,2023-08-18 02:37,24.6,0,187.7,0,87.7
119,수원,2023-08-18 02:38,24.6,0,195.6,.4,87.9
119,수원,2023-08-18 02:39,24.6,0,202.5,.3,88
119,수원,2023-08-18 02:40,24.6,0,219.4,.4,87.9
119,수원,2023-08-18 02:41,24.6,0,222.7,0,87.7
119,수원,2023-08-18 02:42,24.6,0,227.8,0,87.7
119,수원,2023-08-18 02:43,24.6,0,278.9,0,87.7
119,수원,2023-08-18 02:44,24.6,0,332.1,0,87.6
119,수원,2023-08-18 02:45,24.6,0,345.4,0,87.5
119,수원,2023-08-18 02:46,24.6,0,174.4,0,87.4
119,수원,2023-08-18 02:47,24.6,0,180.7,.3,87
119,수원,2023-08-18 02:48,24.6,0,178.6,.6,87.1
119,수원,2023-08-18 02:49,24.6,0,173.7,.8,86.9
119,수원,2023-08-18 02:50,24.6,0,190,.6,87
119,수원,2023-08-18 02:51,24.6,0,206,.7,87.1
119,수원,2023-08-18 02:52,24.6,0,182.7,.9,87.5
119,수원,2023-08-18 02:53,24.6,0,191.4,.6,87.4
119,수원,2023-08-18 02:54,24.6,0,181.3,.7,87.6
119,수원,2023-08-18 02:55,24.6,0,165.7,.5,87.5
119,수원,2023-08-18 02:56,24.6,0,146.5,.9,87.4
119,수원,2023-08-18 02:57,24.6,0,158.1,1.3,87.2
119,수원,2023-08-18 02:58,24.6,0,137.5,.8,87.2
119,수원,2023-08-18 02:59,24.6,0,137,1,87
119,수원,2023-08-18 03:00,24.6,0,140.7,1.5,87
119,수원,2023-08-18 03:01,24.6,0,138.7,1.2,86.5
119,수원,2023-08-18 03:02,24.6,0,151.9,1.4,86.5
119,수원,2023-08-18 03:03,24.7,0,168.2,1.4,86.1
119,수원,2023-08-18 03:04,24.7,0,160.9,1.2,85.9
119,수원,2023-08-18 03:05,24.8,0,163.9,1.8,85.8
119,수원,2023-08-18 03:06,24.8,0,158.6,1.9,86
119,수원,2023-08-18 03:07,24.8,0,141.1,1.3,85.8
119,수원,2023-08-18 03:08,24.8,0,141.7,.7,85.7
119,수원,2023-08-18 03:09,24.9,0,144.8,1.5,85.4
119,수원,2023-08-18 03:10,24.9,0,133.4,1.5,85.4
119,수원,2023-08-18 03:11,24.9,0,127.8,1.6,85.5
119,수원,2023-08-18 03:12,24.9,0,110.7,1.3,85.4
119,수원,2023-08-18 03:13,24.9,0,119.1,.8,85.5
119,수원,2023-08-18 03:14,24.9,0,139.6,.3,85.5
119,수원,2023-08-18 03:15,24.9,0,112.4,.7,85.5
119,수원,2023-08-18 03:16,24.9,0,132.7,.4,85.4
119,수원,2023-08-18 03:17,24.9,0,68.2,.2,85.6
119,수원,2023-08-18 03:18,24.9,0,118.4,.2,85.7
119,수원,2023-08-18 03:19,24.9,0,78.1,.5,86
119,수원,2023-08-18 03:20,24.8,0,83.7,.1,86.1
119,수원,2023-08-18 03:21,24.8,0,96.9,.3,86.5
119,수원,2023-08-18 03:22,24.8,0,82.3,0,86.5
119,수원,2023-08-18 03:23,24.7,0,58,0,86.7
119,수원,2023-08-18 03:24,24.7,0,30.2,.1,86.8
119,수원,2023-08-18 03:25,24.7,0,44.3,.4,86.9
119,수원,2023-08-18 03:26,24.6,0,44.6,.3,86.9
119,수원,2023-08-18 03:27,24.6,0,55.5,0,87.1
119,수원,2023-08-18 03:28,24.6,0,70.7,0,87.2
119,수원,2023-08-18 03:29,24.6,0,81.8,0,86.9
119,수원,2023-08-18 03:30,24.6,0,80.8,0,87
119,수원,2023-08-18 03:31,24.6,0,103.8,0,86.9
119,수원,2023-08-18 03:32,24.6,0,112.3,0,86.9
119,수원,2023-08-18 03:33,24.6,0,127.9,0,87
119,수원,2023-08-18 03:34,24.5,0,141.4,0,87
119,수원,2023-08-18 03:35,24.5,0,144.8,0,86.8
119,수원,2023-08-18 03:36,24.5,0,151.3,0,86.7
119,수원,2023-08-18 03:37,24.5,0,144.9,0,86.8
119,수원,2023-08-18 03:38,24.5,0,162.3,0,87
119,수원,2023-08-18 03:39,24.5,0,167.4,0,87.3
119,수원,2023-08-18 03:40,24.5,0,172.9,0,87.3
119,수원,2023-08-18 03:41,24.5,0,160.3,0,87.1
119,수원,2023-08-18 03:42,24.5,0,164.5,0,87
119,수원,2023-08-18 03:43,24.5,0,165.8,0,87
119,수원,2023-08-18 03:44,24.5,0,143.5,0,86.7
119,수원,2023-08-18 03:45,24.5,0,148.3,0,86.7
119,수원,2023-08-18 03:46,24.5,0,154.6,0,87.2
119,수원,2023-08-18 03:47,24.5,0,116.5,0,87.1
119,수원,2023-08-18 03:48,24.5,0,103.9,0,87.1
119,수원,2023-08-18 03:49,24.5,0,284.7,0,87.4
119,수원,2023-08-18 03:50,24.5,0,264.2,0,87.8
119,수원,2023-08-18 03:51,24.5,0,62.4,0,87.9
119,수원,2023-08-18 03:52,24.4,0,48.3,0,87.9
119,수원,2023-08-18 03:53,24.4,0,65.7,0,88.1
119,수원,2023-08-18 03:54,24.4,0,35.2,0,88
119,수원,2023-08-18 03:55,24.4,0,185.6,0,88
119,수원,2023-08-18 03:56,24.4,0,165,0,88.1
119,수원,2023-08-18 03:57,24.4,0,141.3,0,88
119,수원,2023-08-18 03:58,24.4,0,134.5,0,88
119,수원,2023-08-18 03:59,24.4,0,202.5,0,87.8
119,수원,2023-08-18 04:00,24.4,0,175.6,0,87.8
119,수원,2023-08-18 04:01,24.4,0,175.8,0,88
119,수원,2023-08-18 04:02,24.4,0,152,0,88
119,수원,2023-08-18 04:03,24.4,0,171.6,0,88.2
119,수원,2023-08-18 04:04,24.4,0,207.5,0,88.2
119,수원,2023-08-18 04:05,24.4,0,210.3,0,88.3
119,수원,2023-08-18 04:06,24.4,0,177.9,0,88.3
119,수원,2023-08-18 04:07,24.3,0,174.4,0,88.4
119,수원,2023-08-18 04:08,24.3,0,213.3,0,88.3
119,수원,2023-08-18 04:09,24.3,0,192,0,88.3
119,수원,2023-08-18 04:10,24.3,0,184.7,0,88.1
119,수원,2023-08-18 04:11,24.3,0,174.4,0,88
119,수원,2023-08-18 04:12,24.3,0,164.1,0,88
119,수원,2023-08-18 04:13,24.3,0,209.8,0,88
119,수원,2023-08-18 04:14,24.3,0,156.6,1.1,88.1
119,수원,2023-08-18 04:15,24.3,0,186.6,.4,87.9
119,수원,2023-08-18 04:16,24.3,0,168.4,.5,88.1
119,수원,2023-08-18 04:17,24.3,0,156.7,.5,87.9
119,수원,2023-08-18 04:18,24.3,0,174.8,.8,88
119,수원,2023-08-18 04:19,24.3,0,153,.5,87.9
119,수원,2023-08-18 04:20,24.3,0,189.9,.3,87.8
119,수원,2023-08-18 04:21,24.3,0,221.5,.1,88.1
119,수원,2023-08-18 04:22,24.3,0,232,.4,88.2
119,수원,2023-08-18 04:23,24.3,0,177.8,.4,88.4
119,수원,2023-08-18 04:24,24.3,0,218,.3,88.6
119,수원,2023-08-18 04:25,24.3,0,244.7,0,88.8
119,수원,2023-08-18 04:26,24.3,0,236.5,0,88.8
119,수원,2023-08-18 04:27,24.3,0,231,0,88.7
119,수원,2023-08-18 04:28,24.3,0,133.6,0,88.8
119,수원,2023-08-18 04:29,24.3,0,189.8,0,88.8
119,수원,2023-08-18 04:30,24.2,0,276.1,0,88.7
119,수원,2023-08-18 04:31,24.2,0,332.7,0,88.8
119,수원,2023-08-18 04:32,24.2,0,259.4,0,88.8
119,수원,2023-08-18 04:33,24.2,0,284.4,0,88.9
119,수원,2023-08-18 04:34,24.2,0,236.5,0,88.9
119,수원,2023-08-18 04:35,24.2,0,.5,0,89
119,수원,2023-08-18 04:36,24.2,0,21.9,0,88.8
119,수원,2023-08-18 04:37,24.2,0,130.6,0,88.6
119,수원,2023-08-18 04:38,24.2,0,111.2,0,88.7
119,수원,2023-08-18 04:39,24.2,0,145.6,0,88.6
119,수원,2023-08-18 04:40,24.2,0,103.5,0,88.7
119,수원,2023-08-18 04:41,24.2,0,92,0,88.7
119,수원,2023-08-18 04:42,24.2,0,112.9,0,88.8
119,수원,2023-08-18 04:43,24.2,0,38.5,0,88.8
119,수원,2023-08-18 04:44,24.2,0,46.1,0,88.8
119,수원,2023-08-18 04:45,24.2,0,36.1,0,88.8
119,수원,2023-08-18 04:46,24.2,0,63.6,0,88.8
119,수원,2023-08-18 04:47,24.2,0,122,0,89.2
119,수원,2023-08-18 04:48,24.1,0,60.5,0,89.2
119,수원,2023-08-18 04:49,24.1,0,68.9,0,89.1
119,수원,2023-08-18 04:50,24.1,0,91.4,0,89.4
119,수원,2023-08-18 04:51,24.1,0,13,0,89.2
119,수원,2023-08-18 04:52,24.1,0,76.4,0,89.2
119,수원,2023-08-18 04:53,24.1,0,94.3,0,89.2
119,수원,2023-08-18 04:54,24.1,0,141,0,89.2
119,수원,2023-08-18 04:55,24.1,0,132.3,0,89.2
119,수원,2023-08-18 04:56,24.1,0,141.4,0,89.2
119,수원,2023-08-18 04:57,24.1,0,160.9,0,89.1
119,수원,2023-08-18 04:58,24.1,0,130.8,0,89.1
119,수원,2023-08-18 04:59,24.1,0,155.5,0,89.2
119,수원,2023-08-18 05:00,24.1,0,98.5,0,89.2
119,수원,2023-08-18 05:01,24.1,0,153.9,0,89
119,수원,2023-08-18 05:02,24.1,0,97.5,0,88.9
119,수원,2023-08-18 05:03,24.1,0,153.7,0,89.1
119,수원,2023-08-18 05:04,24.1,0,149,0,88.9
119,수원,2023-08-18 05:05,24.1,0,96.1,0,89.1
119,수원,2023-08-18 05:06,24.1,0,80.4,0,89.2
119,수원,2023-08-18 05:07,24.1,0,62.4,0,89.4
119,수원,2023-08-18 05:08,24.1,0,77.9,.3,89.4
119,수원,2023-08-18 05:09,24.1,0,81.6,.3,89.4
119,수원,2023-08-18 05:10,24.1,0,79.3,.3,89.3
119,수원,2023-08-18 05:11,24.1,0,111.5,.1,89.3
119,수원,2023-08-18 05:12,24.1,0,87.9,.5,89.4
119,수원,2023-08-18 05:13,24.1,0,95.4,.7,89.3
119,수원,2023-08-18 05:14,24.1,0,128.7,.6,89.3
119,수원,2023-08-18 05:15,24.1,0,115,.7,89
119,수원,2023-08-18 05:16,24.1,0,162.5,.6,89.3
119,수원,2023-08-18 05:17,24.1,0,134.6,.4,89.1
119,수원,2023-08-18 05:18,24.1,0,153.4,.2,89.4
119,수원,2023-08-18 05:19,24.1,0,187.7,.2,89.1
119,수원,2023-08-18 05:20,24.1,0,219.6,0,89.4
119,수원,2023-08-18 05:21,24.1,0,297.2,0,89.6
119,수원,2023-08-18 05:22,24.1,0,260.2,.4,89.7
119,수원,2023-08-18 05:23,24.2,0,233.5,.1,89.7
119,수원,2023-08-18 05:24,24.2,0,250.7,.3,89.5
119,수원,2023-08-18 05:25,24.2,0,249.6,.2,89.6
119,수원,2023-08-18 05:26,24.2,0,286.4,0,89.8
119,수원,2023-08-18 05:27,24.2,0,279,0,89.8
119,수원,2023-08-18 05:28,24.2,0,235.2,0,89.8
119,수원,2023-08-18 05:29,24.2,0,253.7,0,89.8
119,수원,2023-08-18 05:30,24.2,0,269.5,0,89.6
119,수원,2023-08-18 05:31,24.2,0,269.3,.2,89.6
119,수원,2023-08-18 05:32,24.2,0,285.6,0,89.8
119,수원,2023-08-18 05:33,24.2,0,295.7,.5,90
119,수원,2023-08-18 05:34,24.2,0,269.8,.3,89.8
119,수원,2023-08-18 05:35,24.3,0,301.7,.1,89.7
119,수원,2023-08-18 05:36,24.3,0,266.6,.2,89.7
119,수원,2023-08-18 05:37,24.3,0,292.5,0,89.8
119,수원,2023-08-18 05:38,24.3,0,332.1,0,89.6
119,수원,2023-08-18 05:39,24.3,0,284.1,.2,89.6
119,수원,2023-08-18 05:40,24.3,0,312.1,0,89.7
119,수원,2023-08-18 05:41,24.3,0,288.2,0,89.7
119,수원,2023-08-18 05:42,24.3,0,247.5,0,89.5
119,수원,2023-08-18 05:43,24.3,0,338.6,0,89.7
119,수원,2023-08-18 05:44,24.3,0,281,0,89.6
119,수원,2023-08-18 05:45,24.3,0,310.8,0,89.7
119,수원,2023-08-18 05:46,24.3,0,326.1,0,89.5
119,수원,2023-08-18 05:47,24.3,0,65.3,0,89.7
119,수원,2023-08-18 05:48,24.3,0,20.9,.4,89.4
119,수원,2023-08-18 05:49,24.3,0,36.8,.6,89.4
119,수원,2023-08-18 05:50,24.3,0,29.4,.5,89.6
119,수원,2023-08-18 05:51,24.3,0,34.8,.7,89.6
119,수원,2023-08-18 05:52,24.3,0,280.4,.7,89.6
119,수원,2023-08-18 05:53,24.3,0,17.8,.6,89.5
119,수원,2023-08-18 05:54,24.3,0,24.3,.6,89.4
119,수원,2023-08-18 05:55,24.3,0,2.5,.4,89.5
119,수원,2023-08-18 05:56,24.3,0,5.4,.6,89.6
119,수원,2023-08-18 05:57,24.3,0,354.1,.4,89.5
119,수원,2023-08-18 05:58,24.3,0,11.9,.5,89.6
119,수원,2023-08-18 05:59,24.3,0,13.6,.2,89.5
119,수원,2023-08-18 06:00,24.3,0,29.5,.3,89.5
119,수원,2023-08-18 06:01,24.3,0,22.7,0,89.6
119,수원,2023-08-18 06:02,24.3,0,11.7,0,89.5
119,수원,2023-08-18 06:03,24.3,0,331.4,0,89.2
119,수원,2023-08-18 06:04,24.3,0,328.1,0,89.3
119,수원,2023-08-18 06:05,24.4,0,309.5,0,89.1
119,수원,2023-08-18 06:06,24.4,0,316.4,0,89.4
119,수원,2023-08-18 06:07,24.4,0,273,0,89.2
119,수원,2023-08-18 06:08,24.4,0,271.7,.4,89
119,수원,2023-08-18 06:09,24.4,0,268.5,.1,89.2
119,수원,2023-08-18 06:10,24.4,0,268.2,.4,89.3
119,수원,2023-08-18 06:11,24.4,0,251.4,.1,89.6
119,수원,2023-08-18 06:12,24.4,0,254.5,0,89.7
119,수원,2023-08-18 06:13,24.4,0,257,0,89.3
119,수원,2023-08-18 06:14,24.4,0,259,0,89.5
119,수원,2023-08-18 06:15,24.4,0,252.9,0,89.6
119,수원,2023-08-18 06:16,24.4,0,231.8,0,89.9
119,수원,2023-08-18 06:17,24.4,0,239,0,89.8
119,수원,2023-08-18 06:18,24.4,0,235.4,.3,89.7
119,수원,2023-08-18 06:19,24.4,0,237.9,.5,89.9
119,수원,2023-08-18 06:20,24.4,0,265.4,.5,89.9
119,수원,2023-08-18 06:21,24.4,0,234.6,.5,90.2
119,수원,2023-08-18 06:22,24.4,0,270.2,.2,90.3
119,수원,2023-08-18 06:23,24.4,0,223.3,.2,90.3
119,수원,2023-08-18 06:24,24.4,0,227.7,.3,90.4
119,수원,2023-08-18 06:25,24.4,0,230.4,.7,90.4
119,수원,2023-08-18 06:26,24.4,0,211.4,.7,90.3
119,수원,2023-08-18 06:27,24.4,0,207.7,.9,90.3
119,수원,2023-08-18 06:28,24.4,0,211.9,.8,90.1
119,수원,2023-08-18 06:29,24.4,0,223.5,.9,90
119,수원,2023-08-18 06:30,24.4,0,222.4,1,89.7
119,수원,2023-08-18 06:31,24.5,0,236,.9,89.9
119,수원,2023-08-18 06:32,24.5,0,240.5,.9,89.8
119,수원,2023-08-18 06:33,24.5,0,234.9,.8,89.6
119,수원,2023-08-18 06:34,24.5,0,238.4,.9,89.7
119,수원,2023-08-18 06:35,24.5,0,229,1,90
119,수원,2023-08-18 06:36,24.5,0,227.6,1.2,89.9
119,수원,2023-08-18 06:37,24.5,0,229.8,1.3,89.9
119,수원,2023-08-18 06:38,24.5,0,230,1.2,89.7
119,수원,2023-08-18 06:39,24.5,0,237.9,1.1,89.8
119,수원,2023-08-18 06:40,24.6,0,255.5,.8,90.1
119,수원,2023-08-18 06:41,24.6,0,235.6,.5,89.9
119,수원,2023-08-18 06:42,24.6,0,204.6,.5,89.8
119,수원,2023-08-18 06:43,24.6,0,221.5,.5,89.7
119,수원,2023-08-18 06:44,24.6,0,234.5,.7,89.1
119,수원,2023-08-18 06:45,24.6,0,247.4,.9,88.9
119,수원,2023-08-18 06:46,24.7,0,238.1,.6,88.3
119,수원,2023-08-18 06:47,24.7,0,237.2,.4,88.5
119,수원,2023-08-18 06:48,24.7,0,225.4,0,88.5
119,수원,2023-08-18 06:49,24.7,0,239.8,.2,88.1
119,수원,2023-08-18 06:50,24.8,0,240.5,.3,88.3
119,수원,2023-08-18 06:51,24.8,0,232.1,.3,88.1
119,수원,2023-08-18 06:52,24.9,0,219.2,.5,87.8
119,수원,2023-08-18 06:53,24.9,0,217.2,.5,87.8
119,수원,2023-08-18 06:54,24.9,0,215.2,.7,88.1
119,수원,2023-08-18 06:55,25,0,219.1,.5,88.9
119,수원,2023-08-18 06:56,25,0,225.2,.5,88.2
119,수원,2023-08-18 06:57,25,0,215.4,.6,88
119,수원,2023-08-18 06:58,25,0,230.6,.7,87.7
119,수원,2023-08-18 06:59,25,0,232.9,.8,87.6
119,수원,2023-08-18 07:00,25.1,0,257.3,.6,87.5
119,수원,2023-08-18 07:01,25.1,0,250.4,.3,87.2
119,수원,2023-08-18 07:02,25.1,0,282.9,.3,87.7
119,수원,2023-08-18 07:03,25.1,0,256.2,.5,88
119,수원,2023-08-18 07:04,25.2,0,249.6,.5,86.6
119,수원,2023-08-18 07:05,25.2,0,241.9,.5,86.5
119,수원,2023-08-18 07:06,25.2,0,235.2,.5,87
119,수원,2023-08-18 07:07,25.3,0,210.1,.4,87.2
119,수원,2023-08-18 07:08,25.3,0,208.2,.3,86.8
119,수원,2023-08-18 07:09,25.3,0,222.2,0,86.5
119,수원,2023-08-18 07:10,25.4,0,219.3,.1,86.5
119,수원,2023-08-18 07:11,25.4,0,249.5,.2,86.1
119,수원,2023-08-18 07:12,25.4,0,236.7,.5,85.5
119,수원,2023-08-18 07:13,25.5,0,232.3,.5,86
119,수원,2023-08-18 07:14,25.5,0,262.4,.5,85.5
119,수원,2023-08-18 07:15,25.6,0,232,.4,85.2
119,수원,2023-08-18 07:16,25.6,0,194.4,.3,85.2
119,수원,2023-08-18 07:17,25.6,0,222.9,.4,86
119,수원,2023-08-18 07:18,25.7,0,236.5,.6,84.3
119,수원,2023-08-18 07:19,25.7,0,258.2,.3,84.5
119,수원,2023-08-18 07:20,25.7,0,224.7,.6,84
119,수원,2023-08-18 07:21,25.8,0,257.8,.5,83.9
119,수원,2023-08-18 07:22,25.8,0,225.1,.4,83.6
119,수원,2023-08-18 07:23,25.9,0,201.2,.6,83.6
119,수원,2023-08-18 07:24,25.9,0,236.4,.5,84
119,수원,2023-08-18 07:25,25.9,0,205.3,.5,84.2
119,수원,2023-08-18 07:26,26,0,186.3,.2,83.5
119,수원,2023-08-18 07:27,26,0,196.2,.4,82.7
119,수원,2023-08-18 07:28,26,0,194.3,.4,82.8
119,수원,2023-08-18 07:29,26.1,0,198.4,.7,82.4
119,수원,2023-08-18 07:30,26.1,0,211.4,.4,83.2
119,수원,2023-08-18 07:31,26.1,0,216.3,.4,83
119,수원,2023-08-18 07:32,26.2,0,195,.1,82.7
119,수원,2023-08-18 07:33,26.2,0,186.1,0,82.5
119,수원,2023-08-18 07:34,26.2,0,224.4,.1,83.7
119,수원,2023-08-18 07:35,26.3,0,220,.3,83.9
119,수원,2023-08-18 07:36,26.4,0,156.9,.4,83.4
119,수원,2023-08-18 07:37,26.4,0,75.3,0,82.4
119,수원,2023-08-18 07:38,26.5,0,253.8,0,81.9
119,수원,2023-08-18 07:39,26.6,0,177.8,.6,82
119,수원,2023-08-18 07:40,26.6,0,225.8,.2,82
119,수원,2023-08-18 07:41,26.6,0,305.7,0,81
119,수원,2023-08-18 07:42,26.6,0,270,0,80.9
119,수원,2023-08-18 07:43,26.7,0,246.9,0,81.1
119,수원,2023-08-18 07:44,26.7,0,208.5,.1,80.5
119,수원,2023-08-18 07:45,26.7,0,200.5,0,79.8
119,수원,2023-08-18 07:46,26.8,0,124,.3,79.6
119,수원,2023-08-18 07:47,26.9,0,228.7,.9,79.9
119,수원,2023-08-18 07:48,26.9,0,216.6,.3,79.9
119,수원,2023-08-18 07:49,26.9,0,209.5,0,79.4
119,수원,2023-08-18 07:50,26.9,0,231.1,.3,79.2
119,수원,2023-08-18 07:51,26.9,0,258.5,.6,79.1
119,수원,2023-08-18 07:52,27,0,266.1,.5,79.1
119,수원,2023-08-18 07:53,27,0,273.2,.4,79
119,수원,2023-08-18 07:54,27.2,0,332,0,78.9
119,수원,2023-08-18 07:55,27.2,0,174.5,0,78.5
119,수원,2023-08-18 07:56,27.2,0,201.3,.1,79.4
119,수원,2023-08-18 07:57,27.2,0,224.4,.3,78.4
119,수원,2023-08-18 07:58,27.2,0,216,.4,78.2
119,수원,2023-08-18 07:59,27.2,0,219.3,.5,78.2
119,수원,2023-08-18 08:00,27.4,0,229,.6,78.7
119,수원,2023-08-18 08:01,27.5,0,150.9,.9,77.8
119,수원,2023-08-18 08:02,27.6,0,140.5,1.6,78.2
119,수원,2023-08-18 08:03,27.7,0,164,.7,75.3
119,수원,2023-08-18 08:04,27.7,0,219.4,.6,75
119,수원,2023-08-18 08:05,27.8,0,179.3,.8,74.9
119,수원,2023-08-18 08:06,27.8,0,185,.6,76
119,수원,2023-08-18 08:07,27.8,0,188.7,.6,76.1
119,수원,2023-08-18 08:08,27.8,0,161,1.5,76.1
119,수원,2023-08-18 08:09,27.9,0,135.1,1.9,74.8
119,수원,2023-08-18 08:10,27.9,0,124.3,2.2,75
119,수원,2023-08-18 08:11,27.9,0,134.5,1,74
119,수원,2023-08-18 08:12,27.9,0,108.6,.4,73.7
119,수원,2023-08-18 08:13,28,0,116.8,1.3,74.2
119,수원,2023-08-18 08:14,28,0,134.1,1.2,73.8
119,수원,2023-08-18 08:15,28,0,149.5,1.2,73.8
119,수원,2023-08-18 08:16,28.1,0,160.4,1.4,75.4
119,수원,2023-08-18 08:17,28.1,0,119.9,2.4,74.2
119,수원,2023-08-18 08:18,28.1,0,79.6,1.2,73.3
119,수원,2023-08-18 08:19,28.2,0,85.5,1.8,73.7
119,수원,2023-08-18 08:20,28.2,0,141,1.4,73.8
119,수원,2023-08-18 08:21,28.3,0,124.5,2.1,75.1
119,수원,2023-08-18 08:22,28.3,0,124.9,1.4,73.7
119,수원,2023-08-18 08:23,28.3,0,129.4,2.4,73.4
119,수원,2023-08-18 08:24,28.3,0,140.6,2,72.2
119,수원,2023-08-18 08:25,28.3,0,136,2.4,72.4
119,수원,2023-08-18 08:26,28.3,0,115.7,2.8,73.3
119,수원,2023-08-18 08:27,28.3,0,105.9,1.6,73.6
119,수원,2023-08-18 08:28,28.3,0,129.2,1.1,72.7
119,수원,2023-08-18 08:29,28.3,0,149.6,1.4,73.1
119,수원,2023-08-18 08:30,28.4,0,227.8,.6,73.2
119,수원,2023-08-18 08:31,28.4,0,190.9,1,73.5
119,수원,2023-08-18 08:32,28.4,0,147.4,1.4,73
119,수원,2023-08-18 08:33,28.4,0,145.4,2.2,73
119,수원,2023-08-18 08:34,28.5,0,157.5,1.8,72.7
119,수원,2023-08-18 08:35,28.5,0,136.4,1.8,73
119,수원,2023-08-18 08:36,28.5,0,111,2.8,73
119,수원,2023-08-18 08:37,28.5,0,134.8,2.6,72.8
119,수원,2023-08-18 08:38,28.5,0,132.2,1.5,72.8
119,수원,2023-08-18 08:39,28.5,0,140.4,1.8,72.7
119,수원,2023-08-18 08:40,28.5,0,165.2,2.6,71.8
119,수원,2023-08-18 08:41,28.5,0,145.1,1.6,72.3
119,수원,2023-08-18 08:42,28.5,0,182.8,1.9,72.8
119,수원,2023-08-18 08:43,28.5,0,149,2.8,72.7
119,수원,2023-08-18 08:44,28.5,0,168.8,2.8,72.5
119,수원,2023-08-18 08:45,28.6,0,154.2,2.4,72.4
119,수원,2023-08-18 08:46,28.6,0,170.6,2.3,71.9
119,수원,2023-08-18 08:47,28.6,0,202.5,1.7,72
119,수원,2023-08-18 08:48,28.5,0,115.1,1.3,72.2
119,수원,2023-08-18 08:49,28.5,0,150.3,1.5,73.4
119,수원,2023-08-18 08:50,28.6,0,139.3,1.8,71.9
119,수원,2023-08-18 08:51,28.6,0,125.3,.4,72
119,수원,2023-08-18 08:52,28.6,0,117,2.3,72.1
119,수원,2023-08-18 08:53,28.6,0,127,2,72
119,수원,2023-08-18 08:54,28.7,0,177.3,2.8,71.6
119,수원,2023-08-18 08:55,28.6,0,182.8,1.4,72.1
119,수원,2023-08-18 08:56,28.7,0,154.9,2.8,72.3
119,수원,2023-08-18 08:57,28.7,0,161.8,2.4,71.3
119,수원,2023-08-18 08:58,28.7,0,173.2,2.1,70.6
119,수원,2023-08-18 08:59,28.7,0,124.5,.9,72.6
119,수원,2023-08-18 09:00,28.8,0,136.3,2.2,71.7
119,수원,2023-08-18 09:01,28.8,0,133.1,2.8,71.6
119,수원,2023-08-18 09:02,28.9,0,135.8,.6,71.6
119,수원,2023-08-18 09:03,28.9,0,172.5,2.4,71.3
119,수원,2023-08-18 09:04,28.8,0,197.1,2.3,71.4
119,수원,2023-08-18 09:05,28.7,0,197.7,1.8,71.9
119,수원,2023-08-18 09:06,28.7,0,208.5,1.4,72.2
119,수원,2023-08-18 09:07,28.7,0,207.7,2.1,72
119,수원,2023-08-18 09:08,28.8,0,108.6,2.1,73.7
119,수원,2023-08-18 09:09,28.9,0,133,1.3,72.4
119,수원,2023-08-18 09:10,28.9,0,257.6,.7,71.4
119,수원,2023-08-18 09:11,29,0,99,2.1,71.8
119,수원,2023-08-18 09:12,29.1,0,100.6,1.4,72.2
119,수원,2023-08-18 09:13,29.1,0,157.7,1.3,69.9
119,수원,2023-08-18 09:14,29.1,0,191.9,1,70.1
119,수원,2023-08-18 09:15,29.1,0,184.3,1,70.8
119,수원,2023-08-18 09:16,29,0,232.7,1,69.7
119,수원,2023-08-18 09:17,29,0,189.8,1.6,71.2
119,수원,2023-08-18 09:18,29,0,171,2.4,70
119,수원,2023-08-18 09:19,29,0,156.7,1.3,71.4
119,수원,2023-08-18 09:20,29.1,0,145.4,1.1,71.1
119,수원,2023-08-18 09:21,29.1,0,126.1,.9,70.1
119,수원,2023-08-18 09:22,29.1,0,151,1.1,69.3
119,수원,2023-08-18 09:23,29.2,0,175.9,2.9,69.6
119,수원,2023-08-18 09:24,29.2,0,185.6,2.3,70.2
119,수원,2023-08-18 09:25,29.1,0,193.5,2.3,70.2
119,수원,2023-08-18 09:26,29,0,200.4,1.7,71.1
119,수원,2023-08-18 09:27,29,0,210.9,1.3,71.1
119,수원,2023-08-18 09:28,29,0,121.4,1.8,71.5
119,수원,2023-08-18 09:29,29.1,0,104,1.2,70.9
119,수원,2023-08-18 09:30,29.2,0,88.2,.4,69.7
119,수원,2023-08-18 09:31,29.3,0,130.1,.5,70.1
119,수원,2023-08-18 09:32,29.4,0,193.7,2,70.6
119,수원,2023-08-18 09:33,29.4,0,214.1,1.4,69.4
119,수원,2023-08-18 09:34,29.4,0,166.3,2.4,69.8
119,수원,2023-08-18 09:35,29.4,0,165.5,2.9,70
119,수원,2023-08-18 09:36,29.4,0,123.4,2.1,69.8
119,수원,2023-08-18 09:37,29.4,0,91.8,1,69.5
119,수원,2023-08-18 09:38,29.4,0,114.6,.3,69.3
119,수원,2023-08-18 09:39,29.5,0,215.9,2,69.6
119,수원,2023-08-18 09:40,29.5,0,197.2,2.1,69.8
119,수원,2023-08-18 09:41,29.5,0,196.1,1.6,70.7
119,수원,2023-08-18 09:42,29.5,0,197.6,.7,71.6
119,수원,2023-08-18 09:43,29.5,0,196.8,1.5,70.1
119,수원,2023-08-18 09:44,29.5,0,210.7,1.3,70.3
119,수원,2023-08-18 09:45,29.6,0,151.4,2.6,70.9
119,수원,2023-08-18 09:46,29.7,0,142.3,2.3,70.2
119,수원,2023-08-18 09:47,29.8,0,147.2,3.2,67.9
119,수원,2023-08-18 09:48,29.7,0,146.4,2.6,67.8
119,수원,2023-08-18 09:49,29.7,0,170,.3,67.7
119,수원,2023-08-18 09:50,29.8,0,113.4,1.6,67.9
119,수원,2023-08-18 09:51,29.8,0,168.8,1,68.4
119,수원,2023-08-18 09:52,29.9,0,118.5,1.3,68.5
119,수원,2023-08-18 09:53,29.9,0,224,.2,68
119,수원,2023-08-18 09:54,29.9,0,167.1,.8,68.8
119,수원,2023-08-18 09:55,29.9,0,180.6,2.3,69.3
119,수원,2023-08-18 09:56,29.9,0,215.6,2.4,67.9
119,수원,2023-08-18 09:57,29.8,0,210,2.3,68.8
119,수원,2023-08-18 09:58,29.8,0,229.3,2.8,68.4
119,수원,2023-08-18 09:59,29.7,0,184.7,2.7,69
119,수원,2023-08-18 10:00,29.6,0,268,.6,67.9
119,수원,2023-08-18 10:01,29.6,0,132.1,.8,68.8
119,수원,2023-08-18 10:02,29.7,0,181.5,.6,68.1
119,수원,2023-08-18 10:03,29.7,0,205.7,1.7,68.9
119,수원,2023-08-18 10:04,29.6,0,148.2,2.5,67.9
119,수원,2023-08-18 10:05,29.7,0,166,2.4,68.9
119,수원,2023-08-18 10:06,29.7,0,162.6,2.9,69.1
119,수원,2023-08-18 10:07,29.7,0,189.6,2.5,69.1
119,수원,2023-08-18 10:08,29.7,0,148.1,2.6,68
119,수원,2023-08-18 10:09,29.8,0,139.8,2.1,68.7
119,수원,2023-08-18 10:10,29.9,0,135.9,1.3,69.4
119,수원,2023-08-18 10:11,30.1,0,102.1,2.7,68.2
119,수원,2023-08-18 10:12,30.1,0,108.6,2.3,67.8
119,수원,2023-08-18 10:13,30.1,0,134.5,2.2,67.4
119,수원,2023-08-18 10:14,30,0,132.6,2.1,67.3
119,수원,2023-08-18 10:15,30,0,120.8,3.3,67
119,수원,2023-08-18 10:16,30,0,124.6,3.3,67.5
119,수원,2023-08-18 10:17,30.1,0,138.5,2.1,68
119,수원,2023-08-18 10:18,30.1,0,156.8,1.7,67.4
119,수원,2023-08-18 10:19,30.1,0,132.1,2,67.2
119,수원,2023-08-18 10:20,30.1,0,111.1,1.6,66.8
119,수원,2023-08-18 10:21,30.1,0,122.7,1.2,66.9
119,수원,2023-08-18 10:22,30.1,0,105.5,2,67.6
119,수원,2023-08-18 10:23,30.2,0,183.4,2,68.5
119,수원,2023-08-18 10:24,30.2,0,156.9,3.8,67.2
119,수원,2023-08-18 10:25,30.3,0,158.3,3.3,66.4
119,수원,2023-08-18 10:26,30.2,0,159.8,2.7,66.3
119,수원,2023-08-18 10:27,30.2,0,154.2,2.7,66.3
119,수원,2023-08-18 10:28,30.2,0,142,1.9,66.7
119,수원,2023-08-18 10:29,30.1,0,126.3,2.1,66.5
119,수원,2023-08-18 10:30,30.2,0,127,1.7,67.3
119,수원,2023-08-18 10:31,30.3,0,89.9,1.7,68.6
119,수원,2023-08-18 10:32,30.3,0,121.1,1.5,67.8
119,수원,2023-08-18 10:33,30.4,0,203,1.3,67
119,수원,2023-08-18 10:34,30.4,0,220.8,2.4,66.6
119,수원,2023-08-18 10:35,30.4,0,221.8,2,66.8
119,수원,2023-08-18 10:36,30.3,0,184.6,2.6,66.9
119,수원,2023-08-18 10:37,30.4,0,129.1,3.4,68.2
119,수원,2023-08-18 10:38,30.4,0,118.5,2.2,66.6
119,수원,2023-08-18 10:39,30.4,0,125.6,2,65.3
119,수원,2023-08-18 10:40,30.4,0,153.6,2.3,65.7
119,수원,2023-08-18 10:41,30.5,0,122.7,2.3,65.7
119,수원,2023-08-18 10:42,30.5,0,165.1,2,65.6
119,수원,2023-08-18 10:43,30.5,0,168.2,2,65.1
119,수원,2023-08-18 10:44,30.5,0,133.1,2,65.2
119,수원,2023-08-18 10:45,30.5,0,153.5,2.1,65.2
119,수원,2023-08-18 10:46,30.5,0,151.9,.7,65.3
119,수원,2023-08-18 10:47,30.5,0,134.8,1.2,64.9
119,수원,2023-08-18 10:48,30.6,0,134.8,2.5,67.3
119,수원,2023-08-18 10:49,30.7,0,241.9,.5,66.4
119,수원,2023-08-18 10:50,30.8,0,196.2,1.8,65.6
119,수원,2023-08-18 10:51,30.6,0,203.4,2.5,65.4
119,수원,2023-08-18 10:52,30.6,0,192,3.3,65.5
119,수원,2023-08-18 10:53,30.5,0,222,2.6,65.9
119,수원,2023-08-18 10:54,30.5,0,216.2,2.8,65.9
119,수원,2023-08-18 10:55,30.5,0,205.3,2.9,65.1
119,수원,2023-08-18 10:56,30.4,0,193.8,2.7,64.5
119,수원,2023-08-18 10:57,30.5,0,240.1,.7,66.3
119,수원,2023-08-18 10:58,30.6,0,116.1,1.4,65.2
119,수원,2023-08-18 10:59,30.7,0,81.8,2.4,66.8
119,수원,2023-08-18 11:00,30.8,0,37.3,1.6,68.2
119,수원,2023-08-18 11:01,30.9,0,9.4,2.4,65.6
119,수원,2023-08-18 11:02,31,0,193.9,2,66.7
119,수원,2023-08-18 11:03,31,0,236.8,2,64.1
119,수원,2023-08-18 11:04,30.9,0,170.8,2.6,65.5
119,수원,2023-08-18 11:05,31,0,134.6,2.9,64.5
119,수원,2023-08-18 11:06,31,0,124,2.2,63.2
119,수원,2023-08-18 11:07,31,0,134.9,2,63.6
119,수원,2023-08-18 11:08,31,0,165.8,.3,63.5
119,수원,2023-08-18 11:09,31,0,177.9,1.6,64.7
119,수원,2023-08-18 11:10,31.1,0,200.5,2.4,64.3
119,수원,2023-08-18 11:11,31.1,0,190.3,.8,63.4
119,수원,2023-08-18 11:12,31.2,0,151.9,2.1,63.8
119,수원,2023-08-18 11:13,31.2,0,83.3,2.3,63.5
119,수원,2023-08-18 11:14,31.3,0,96,2.2,63.5
119,수원,2023-08-18 11:15,31.3,0,114.6,1.5,64.4
119,수원,2023-08-18 11:16,31.3,0,106,2.6,63.6
119,수원,2023-08-18 11:17,31.3,0,100,2.6,62.5
119,수원,2023-08-18 11:18,31.2,0,121.3,1.6,63
119,수원,2023-08-18 11:19,31.3,0,154.9,1,64.3
119,수원,2023-08-18 11:20,31.3,0,167.5,2.8,63.8
119,수원,2023-08-18 11:21,31.4,0,168.2,2.8,62.2
119,수원,2023-08-18 11:22,31.3,0,137.1,2.8,60.2
119,수원,2023-08-18 11:23,31.3,0,151.1,1,60.7
119,수원,2023-08-18 11:24,31.3,0,178.1,2.4,61.9
119,수원,2023-08-18 11:25,31.4,0,159,2.8,62.8
119,수원,2023-08-18 11:26,31.4,0,176.5,2.2,61.1
119,수원,2023-08-18 11:27,31.4,0,134.2,.9,60.4
119,수원,2023-08-18 11:28,31.4,0,87.3,0,62.1
119,수원,2023-08-18 11:29,31.4,0,270.1,.5,62.4
119,수원,2023-08-18 11:30,31.5,0,234.2,1.4,61.1
119,수원,2023-08-18 11:31,31.5,0,329.5,1.4,61.7
119,수원,2023-08-18 11:32,31.5,0,266.4,1.7,60.2
119,수원,2023-08-18 11:33,31.4,0,237.4,1.4,59.2
119,수원,2023-08-18 11:34,31.3,0,230.5,1.9,60.2
119,수원,2023-08-18 11:35,31.2,0,226.6,1.2,60.1
119,수원,2023-08-18 11:36,31.3,0,243.1,1.6,62.2
119,수원,2023-08-18 11:37,31.4,0,248.6,2.4,62.1
119,수원,2023-08-18 11:38,31.5,0,251.4,2,63.1
119,수원,2023-08-18 11:39,31.5,0,230.3,2.2,62.1
119,수원,2023-08-18 11:40,31.4,0,232.1,2.3,61.6
119,수원,2023-08-18 11:41,31.5,0,203.7,1.5,63
119,수원,2023-08-18 11:42,31.6,0,196.1,1.4,64.7
119,수원,2023-08-18 11:43,31.7,0,220.3,1.6,62
119,수원,2023-08-18 11:44,31.6,0,190.7,1.1,62.1
119,수원,2023-08-18 11:45,31.6,0,190,.6,61.2
119,수원,2023-08-18 11:46,31.7,0,233.3,.9,63.2
119,수원,2023-08-18 11:47,31.8,0,216.5,.8,62.7
119,수원,2023-08-18 11:48,31.9,0,173.2,.6,64.6
119,수원,2023-08-18 11:49,32,0,61,.3,61.8
119,수원,2023-08-18 11:50,32,0,296.5,1.1,61.5
119,수원,2023-08-18 11:51,32,0,289.2,1.6,61.4
119,수원,2023-08-18 11:52,32,0,255.1,1.5,61.5
119,수원,2023-08-18 11:53,32,0,219.3,.8,60.6
119,수원,2023-08-18 11:54,32.1,0,250.4,.7,62.9
119,수원,2023-08-18 11:55,32.2,0,71.3,1.2,64.1
119,수원,2023-08-18 11:56,32.3,0,146.6,3,62.5
119,수원,2023-08-18 11:57,32.3,0,156.3,1.2,58.8
119,수원,2023-08-18 11:58,32.2,0,158.1,.5,58.8
119,수원,2023-08-18 11:59,32.3,0,171,1.8,59.9
119,수원,2023-08-18 12:00,32.3,0,189.4,3.4,59.8
119,수원,2023-08-18 12:01,32.1,0,154.8,2.3,59.9
119,수원,2023-08-18 12:02,32.2,0,175.3,2.9,59.7
119,수원,2023-08-18 12:03,32.1,0,157.2,3.2,57.5
119,수원,2023-08-18 12:04,32.1,0,171.4,2.8,56.9
119,수원,2023-08-18 12:05,32.1,0,195.1,2.6,57.3
119,수원,2023-08-18 12:06,31.9,0,204,1.4,56.8
119,수원,2023-08-18 12:07,32,0,196.3,1.7,58.9
119,수원,2023-08-18 12:08,32.1,0,178.1,2.5,59.9
119,수원,2023-08-18 12:09,32.1,0,198.5,1,57.4
119,수원,2023-08-18 12:10,32.1,0,143,2.7,58.3
119,수원,2023-08-18 12:11,32.2,0,170.3,2.4,59.8
119,수원,2023-08-18 12:12,32.2,0,194.8,1.7,57.7
119,수원,2023-08-18 12:13,32.2,0,220,2.1,57.2
119,수원,2023-08-18 12:14,32.1,0,136.9,2.5,58.9
119,수원,2023-08-18 12:15,32.1,0,135.5,3,57.6
119,수원,2023-08-18 12:16,32.1,0,142.2,2.1,58
119,수원,2023-08-18 12:17,32.1,0,127.4,1.5,59
119,수원,2023-08-18 12:18,32.1,0,74.1,.9,57.7
119,수원,2023-08-18 12:19,32.1,0,124.5,2.3,57.5
119,수원,2023-08-18 12:20,32.2,0,81.9,1.1,59.3
119,수원,2023-08-18 12:21,32.2,0,104.4,2.1,57.6
119,수원,2023-08-18 12:22,32.2,0,143.1,3.2,59.2
119,수원,2023-08-18 12:23,32.2,0,138.6,2.8,58.2
119,수원,2023-08-18 12:24,32.2,0,122.1,2.9,57.8
119,수원,2023-08-18 12:25,32.2,0,122,2.7,59.7
119,수원,2023-08-18 12:26,32.2,0,111.9,2.5,58
119,수원,2023-08-18 12:27,32.2,0,132.1,2.8,59.1
119,수원,2023-08-18 12:28,32.2,0,137.8,2.8,56.8
119,수원,2023-08-18 12:29,32.1,0,106,1.1,57.5
119,수원,2023-08-18 12:30,32.1,0,149.2,2.8,58.8
119,수원,2023-08-18 12:31,32.2,0,157.4,3.2,58.3
119,수원,2023-08-18 12:32,32.2,0,144.6,1.7,57.2
119,수원,2023-08-18 12:33,32.1,0,154.6,1.9,56.6
119,수원,2023-08-18 12:34,32.2,0,157.3,2.1,57.5
119,수원,2023-08-18 12:35,32.2,0,170,3.2,57.3
119,수원,2023-08-18 12:36,32.1,0,124.1,2,57.2
119,수원,2023-08-18 12:37,32.2,0,167.7,3.1,57.5
119,수원,2023-08-18 12:38,32.2,0,162.2,1.4,57.5
119,수원,2023-08-18 12:39,32.3,0,167.6,1.9,57.4
119,수원,2023-08-18 12:40,32.3,0,287.7,0,59.2
119,수원,2023-08-18 12:41,32.4,0,242.9,.4,56.2
119,수원,2023-08-18 12:42,32.5,0,99.4,1,59.3
119,수원,2023-08-18 12:43,32.6,0,144.8,2.4,60
119,수원,2023-08-18 12:44,32.6,0,131.4,2.7,58.2
119,수원,2023-08-18 12:45,32.6,0,183.3,2.7,57
119,수원,2023-08-18 12:46,32.5,0,93.7,2.8,56
119,수원,2023-08-18 12:47,32.5,0,193.7,5.7,58.2
119,수원,2023-08-18 12:48,32.5,0,191.3,2.6,59.3
119,수원,2023-08-18 12:49,32.5,0,142.5,2,57.9
119,수원,2023-08-18 12:50,32.6,0,148,2.8,57.4
119,수원,2023-08-18 12:51,32.6,0,177.2,1.4,56.9
119,수원,2023-08-18 12:52,32.5,0,198.1,1.3,55.8
119,수원,2023-08-18 12:53,32.6,0,196.3,2.4,59
119,수원,2023-08-18 12:54,32.6,0,185.3,2.7,55.6
119,수원,2023-08-18 12:55,32.5,0,208.9,2.7,55.6
119,수원,2023-08-18 12:56,32.5,0,225.5,2.1,55.4
119,수원,2023-08-18 12:57,32.5,0,175.6,2,55.6
119,수원,2023-08-18 12:58,32.5,0,151.7,2.7,55.3
119,수원,2023-08-18 12:59,32.6,0,141.6,2,55.2
119,수원,2023-08-18 13:00,32.6,0,138.2,2.3,54.3
119,수원,2023-08-18 13:01,32.6,0,178.5,3,55.1
119,수원,2023-08-18 13:02,32.6,0,187.6,2.7,57.1
119,수원,2023-08-18 13:03,32.6,0,182.7,2.1,55.4
119,수원,2023-08-18 13:04,32.4,0,195.6,.9,54.8
119,수원,2023-08-18 13:05,32.4,0,180.3,1,55.5
119,수원,2023-08-18 13:06,32.4,0,164.1,1.7,56.1
119,수원,2023-08-18 13:07,32.4,0,189,2.3,56.5
119,수원,2023-08-18 13:08,32.4,0,240.6,2.7,56.6
119,수원,2023-08-18 13:09,32.5,0,263.8,3,58.1
119,수원,2023-08-18 13:10,32.5,0,236.4,2.6,58.1
119,수원,2023-08-18 13:11,32.6,0,246,2.2,58.2
119,수원,2023-08-18 13:12,32.5,0,257.5,2.7,57.2
119,수원,2023-08-18 13:13,32.5,0,274.6,1.6,56.1
119,수원,2023-08-18 13:14,32.5,0,228.6,.2,55.7
119,수원,2023-08-18 13:15,32.6,0,188.4,1.6,56.6
119,수원,2023-08-18 13:16,32.6,0,261,2.3,56.7
119,수원,2023-08-18 13:17,32.6,0,209.4,2.9,57.3
119,수원,2023-08-18 13:18,32.6,0,237.1,3.3,57.3
119,수원,2023-08-18 13:19,32.6,0,261.3,2.8,57.5
119,수원,2023-08-18 13:20,32.6,0,274.7,1.7,55.1
119,수원,2023-08-18 13:21,32.6,0,231.3,2,55.1
119,수원,2023-08-18 13:22,32.7,0,200.4,3.2,58.5
119,수원,2023-08-18 13:23,32.7,0,212.7,3.1,56.1
119,수원,2023-08-18 13:24,32.5,0,207.6,3.1,56.9
119,수원,2023-08-18 13:25,32.3,0,225.5,2.8,56.4
119,수원,2023-08-18 13:26,32.2,0,224.1,3.1,57.3
119,수원,2023-08-18 13:27,32.2,0,240,2.6,58.1
119,수원,2023-08-18 13:28,32.2,0,256.7,2.2,59.1
119,수원,2023-08-18 13:29,32.2,0,255.6,1.8,57.7
119,수원,2023-08-18 13:30,32.2,0,270.7,1.3,56.6
119,수원,2023-08-18 13:31,32.1,0,247.8,2.6,55.6
119,수원,2023-08-18 13:32,32.1,0,226.8,1.1,56.8
119,수원,2023-08-18 13:33,32.2,0,230.9,2.7,58.4
119,수원,2023-08-18 13:34,32.1,0,189.4,3.1,57.8
119,수원,2023-08-18 13:35,32.1,0,198.9,1.4,58.9
119,수원,2023-08-18 13:36,32.2,0,185.2,2.8,58.4
119,수원,2023-08-18 13:37,32.3,0,163,2.9,59.4
119,수원,2023-08-18 13:38,32.4,0,263.9,4.2,60.2
119,수원,2023-08-18 13:39,32.3,0,230.6,3.5,61
119,수원,2023-08-18 13:40,32.2,0,222.4,4.3,62.4
119,수원,2023-08-18 13:41,32.1,0,226.2,5.7,62.2
119,수원,2023-08-18 13:42,32,0,249.7,3.8,62.6
119,수원,2023-08-18 13:43,32,0,242.6,4.5,62.5
119,수원,2023-08-18 13:44,32,0,235.1,3.3,62.4
119,수원,2023-08-18 13:45,32.1,0,233.5,3.7,61.4
119,수원,2023-08-18 13:46,32.1,0,195.8,1.3,63
119,수원,2023-08-18 13:47,32.3,0,221.5,3.3,65.1
119,수원,2023-08-18 13:48,32.4,0,260,4.5,64.5
119,수원,2023-08-18 13:49,32.6,0,246.4,2.4,64.2
119,수원,2023-08-18 13:50,32.6,0,217,3.3,63.6
119,수원,2023-08-18 13:51,32.5,0,235.4,3.5,62.8
119,수원,2023-08-18 13:52,32.5,0,221.5,2.4,64.1
119,수원,2023-08-18 13:53,32.4,0,215.2,3.7,63.8
119,수원,2023-08-18 13:54,32.2,0,219.5,2.8,64.2
119,수원,2023-08-18 13:55,32.2,0,234,3,64.5
119,수원,2023-08-18 13:56,32.3,0,217.3,2.3,63.2
119,수원,2023-08-18 13:57,32.3,0,268,2,63.2
119,수원,2023-08-18 13:58,32.4,0,266.4,2.6,62.8
119,수원,2023-08-18 13:59,32.4,0,222.4,1.4,64.3
119,수원,2023-08-18 14:00,32.5,0,221.2,2.4,62.9
119,수원,2023-08-18 14:01,32.5,0,238.7,2.1,63.7
119,수원,2023-08-18 14:02,32.5,0,259.8,1.6,62.5
119,수원,2023-08-18 14:03,32.6,0,253,2.6,62.6
119,수원,2023-08-18 14:04,32.6,0,216,2.9,62.7
119,수원,2023-08-18 14:05,32.8,0,221.7,2.1,63.3
119,수원,2023-08-18 14:06,32.9,0,283.1,2.7,63.7
119,수원,2023-08-18 14:07,32.9,0,247.3,3.1,62.7
119,수원,2023-08-18 14:08,32.8,0,244.8,4,62
119,수원,2023-08-18 14:09,32.6,0,264,3.7,63
119,수원,2023-08-18 14:10,32.5,0,283,3.2,63.1
119,수원,2023-08-18 14:11,32.6,0,217.9,1,62.6
119,수원,2023-08-18 14:12,32.5,0,250.2,2.5,61.5
119,수원,2023-08-18 14:13,32.6,0,262.2,2.7,62.5
119,수원,2023-08-18 14:14,32.6,0,253,4.2,63.3
119,수원,2023-08-18 14:15,32.6,0,261.7,3.2,63.5
119,수원,2023-08-18 14:16,32.6,0,280.7,3.9,63.7
119,수원,2023-08-18 14:17,32.5,0,297.9,2.7,63.5
119,수원,2023-08-18 14:18,32.4,0,291.6,2.9,63.6
119,수원,2023-08-18 14:19,32.3,0,290.4,4.9,64
119,수원,2023-08-18 14:20,32.4,0,268.7,3.2,64.5
119,수원,2023-08-18 14:21,32.6,0,242.4,4.7,64.6
119,수원,2023-08-18 14:22,32.4,0,270,3,62
119,수원,2023-08-18 14:23,32.3,0,317.2,2.5,63.8
119,수원,2023-08-18 14:24,32.5,0,254.2,2.2,64.3
119,수원,2023-08-18 14:25,32.6,0,264.5,2.8,63.6
119,수원,2023-08-18 14:26,32.6,0,253.4,2.9,62.8
119,수원,2023-08-18 14:27,32.7,0,287.5,3.4,62.6
119,수원,2023-08-18 14:28,32.7,0,231.9,2.9,62.3
119,수원,2023-08-18 14:29,32.7,0,325.1,3.8,63.2
119,수원,2023-08-18 14:30,32.6,0,291.8,2.9,63
119,수원,2023-08-18 14:31,32.5,0,282.4,2.3,64
119,수원,2023-08-18 14:32,32.5,0,274.1,3.5,64.2
119,수원,2023-08-18 14:33,32.5,0,289.9,3,62.6
119,수원,2023-08-18 14:34,32.6,0,302.5,4.5,63.7
119,수원,2023-08-18 14:35,32.6,0,258.6,2.9,63.4
119,수원,2023-08-18 14:36,32.5,0,294.7,2.3,62.6
119,수원,2023-08-18 14:37,32.6,0,271.1,3.8,62.8
119,수원,2023-08-18 14:38,32.5,0,265.1,2.7,62.1
119,수원,2023-08-18 14:39,32.6,0,287.8,2.6,63.6
119,수원,2023-08-18 14:40,32.8,0,253,3.7,63.4
119,수원,2023-08-18 14:41,32.7,0,239.1,3.4,61.5
119,수원,2023-08-18 14:42,32.6,0,257.1,2.1,61
119,수원,2023-08-18 14:43,32.6,0,292,4.9,62.3
119,수원,2023-08-18 14:44,32.6,0,253.1,2.8,61.9
119,수원,2023-08-18 14:45,32.5,0,249.8,2.8,61.8
119,수원,2023-08-18 14:46,32.4,0,268.7,2.8,61.6
119,수원,2023-08-18 14:47,32.5,0,253.8,2.7,62.3
119,수원,2023-08-18 14:48,32.5,0,275.3,1.7,61.8
119,수원,2023-08-18 14:49,32.4,0,285.1,2.8,60.9
119,수원,2023-08-18 14:50,32.4,0,249.7,3.4,61.7
119,수원,2023-08-18 14:51,32.4,0,253.4,2.2,60.8
119,수원,2023-08-18 14:52,32.5,0,233.5,3.3,62.6
119,수원,2023-08-18 14:53,32.6,0,264.8,2.9,62.4
119,수원,2023-08-18 14:54,32.6,0,268.7,2.6,61.9
119,수원,2023-08-18 14:55,32.7,0,267.8,3.9,62.7
119,수원,2023-08-18 14:56,32.7,0,281,4.6,61.2
119,수원,2023-08-18 14:57,32.6,0,287.8,3.6,61.2
119,수원,2023-08-18 14:58,32.6,0,251.1,2.8,61
119,수원,2023-08-18 14:59,32.6,0,274.9,3.4,61.4
119,수원,2023-08-18 15:00,32.5,0,251.6,2.9,60.9
119,수원,2023-08-18 15:01,32.4,0,252.7,2.6,61.9
119,수원,2023-08-18 15:02,32.5,0,252.8,2.7,62.9
119,수원,2023-08-18 15:03,32.5,0,278,3,60.9
119,수원,2023-08-18 15:04,32.4,0,256.9,2.5,61
119,수원,2023-08-18 15:05,32.6,0,280.6,3.6,63.1
119,수원,2023-08-18 15:06,32.7,0,273.8,2.8,62.2
119,수원,2023-08-18 15:07,32.7,0,259.5,3,60.9
119,수원,2023-08-18 15:08,32.5,0,253.9,2.1,60.6
119,수원,2023-08-18 15:09,32.5,0,292.8,3.9,61.6
119,수원,2023-08-18 15:10,32.5,0,297.4,4.6,61.5
119,수원,2023-08-18 15:11,32.4,0,245.2,3.3,61.1
119,수원,2023-08-18 15:12,32.4,0,270.5,2.8,61.9
119,수원,2023-08-18 15:13,32.4,0,288.5,4.6,62.3
119,수원,2023-08-18 15:14,32.3,0,289,3,61.3
119,수원,2023-08-18 15:15,32.2,0,301.5,2.7,62.1
119,수원,2023-08-18 15:16,32.3,0,302,3.9,63.5
119,수원,2023-08-18 15:17,32.4,0,309.6,2,61.5
119,수원,2023-08-18 15:18,32.4,0,326.3,3.9,62.4
119,수원,2023-08-18 15:19,32.4,0,299.3,4.2,61.9
119,수원,2023-08-18 15:20,32.4,0,302.5,3.4,61.3
119,수원,2023-08-18 15:21,32.3,0,281.3,3.7,61.3
119,수원,2023-08-18 15:22,32.3,0,280.3,2.8,61.3
119,수원,2023-08-18 15:23,32.3,0,259.1,1.8,61.3
119,수원,2023-08-18 15:24,32.4,0,296.8,4.6,61.7
119,수원,2023-08-18 15:25,32.3,0,283.1,2.5,61.6
119,수원,2023-08-18 15:26,32.3,0,257.3,3.3,62.1
119,수원,2023-08-18 15:27,32.5,0,270.2,2.4,63.3
119,수원,2023-08-18 15:28,32.6,0,308.1,4.4,62.5
119,수원,2023-08-18 15:29,32.5,0,286.9,4.2,61.3
119,수원,2023-08-18 15:30,32.4,0,302.1,2.7,61.3
119,수원,2023-08-18 15:31,32.2,0,260.3,3.5,61.3
119,수원,2023-08-18 15:32,32.3,0,219.6,2.1,62
119,수원,2023-08-18 15:33,32.4,0,320.9,2.1,61.3
119,수원,2023-08-18 15:34,32.4,0,262.5,4.2,61.9
119,수원,2023-08-18 15:35,32.3,0,273.4,2.8,61.1
119,수원,2023-08-18 15:36,32.3,0,216.5,2.6,61.1
119,수원,2023-08-18 15:37,32.2,0,245.4,2,61
119,수원,2023-08-18 15:38,32.3,0,277.3,2.9,61.8
119,수원,2023-08-18 15:39,32.3,0,279.3,2.1,62.8
119,수원,2023-08-18 15:40,32.4,0,264.6,2.7,62.4
119,수원,2023-08-18 15:41,32.5,0,276.8,4.5,62.3
119,수원,2023-08-18 15:42,32.3,0,238.5,2.7,61.3
119,수원,2023-08-18 15:43,32.3,0,278.1,2.8,61.8
119,수원,2023-08-18 15:44,32.3,0,274.6,2.9,62.5
119,수원,2023-08-18 15:45,32.2,0,232.6,2,61.8
119,수원,2023-08-18 15:46,32.3,0,275.9,3.6,63.1
119,수원,2023-08-18 15:47,32.2,0,291.8,3.6,61.2
119,수원,2023-08-18 15:48,32.2,0,260.1,2.8,61.4
119,수원,2023-08-18 15:49,32.1,0,273.8,3.2,62.3
119,수원,2023-08-18 15:50,32.1,0,271.7,3,61.4
119,수원,2023-08-18 15:51,32.1,0,267.2,2.9,61.9
119,수원,2023-08-18 15:52,32,0,285.4,4.7,62.3
119,수원,2023-08-18 15:53,32,0,287,2.7,62.6
119,수원,2023-08-18 15:54,32.1,0,227.3,2.6,63
119,수원,2023-08-18 15:55,32.1,0,241.7,3.6,62.4
119,수원,2023-08-18 15:56,32,0,283.1,4.7,62.3
119,수원,2023-08-18 15:57,32.1,0,314.3,4.6,62.8
119,수원,2023-08-18 15:58,32,0,287.9,4.2,62.4
119,수원,2023-08-18 15:59,31.9,0,268.5,2.7,62.3
119,수원,2023-08-18 16:00,32,0,255.9,1.7,63.3
119,수원,2023-08-18 16:01,32,0,269.4,3.5,61.9
119,수원,2023-08-18 16:02,32,0,243.2,2.7,61.9
119,수원,2023-08-18 16:03,32.1,0,286.2,1.7,62.2
119,수원,2023-08-18 16:04,32.2,0,246.1,3.2,63.3
119,수원,2023-08-18 16:05,32.1,0,301.6,3.1,62.5
119,수원,2023-08-18 16:06,32.1,0,315.7,3,61.9
119,수원,2023-08-18 16:07,32,0,268,2.8,61.7
119,수원,2023-08-18 16:08,32.1,0,292.9,2.3,63
119,수원,2023-08-18 16:09,32.2,0,320.4,2.3,62.5
119,수원,2023-08-18 16:10,32.2,0,297.8,4.5,62.1
119,수원,2023-08-18 16:11,32.1,0,301.8,3.2,61
119,수원,2023-08-18 16:12,32,0,290.2,2.7,61.2
119,수원,2023-08-18 16:13,32,0,278,2.8,62
119,수원,2023-08-18 16:14,31.9,0,276.7,2.3,62.1
119,수원,2023-08-18 16:15,32,0,269.2,2.7,62.8
119,수원,2023-08-18 16:16,32,0,291.4,2.8,60.5
119,수원,2023-08-18 16:17,32,0,286.8,2.3,61.2
119,수원,2023-08-18 16:18,32,0,310.8,3.3,62.4
119,수원,2023-08-18 16:19,32.1,0,260.9,2.7,62.5
119,수원,2023-08-18 16:20,32.1,0,273.4,3.3,61.6
119,수원,2023-08-18 16:21,32.1,0,254.1,4.3,61
119,수원,2023-08-18 16:22,31.9,0,259.4,3.7,60.6
119,수원,2023-08-18 16:23,31.9,0,263.4,3.5,60.6
119,수원,2023-08-18 16:24,31.8,0,271.8,2.2,61.1
119,수원,2023-08-18 16:25,31.8,0,249.5,2.8,61.6
119,수원,2023-08-18 16:26,31.9,0,265.9,2.6,62.8
119,수원,2023-08-18 16:27,31.9,0,274.2,2.2,62.5
119,수원,2023-08-18 16:28,31.9,0,282.7,2,63.1
119,수원,2023-08-18 16:29,31.9,0,253.1,2.7,62.4
119,수원,2023-08-18 16:30,31.9,0,261.7,4.2,62.5
119,수원,2023-08-18 16:31,31.8,0,288.4,3,61.4
119,수원,2023-08-18 16:32,31.8,0,273.7,3.1,62.4
119,수원,2023-08-18 16:33,31.8,0,280.9,2,60.9
119,수원,2023-08-18 16:34,31.7,0,272.7,2,61.9
119,수원,2023-08-18 16:35,31.8,0,273.8,2.3,63
119,수원,2023-08-18 16:36,31.8,0,242.3,2.6,61.9
119,수원,2023-08-18 16:37,31.8,0,244.9,2.2,62
119,수원,2023-08-18 16:38,31.9,0,219.4,3.2,62.6
119,수원,2023-08-18 16:39,31.8,0,231.6,2.7,61.7
119,수원,2023-08-18 16:40,31.8,0,242.6,2.7,61.8
119,수원,2023-08-18 16:41,31.7,0,220.1,2.1,62.2
119,수원,2023-08-18 16:42,31.7,0,259,3.1,62.5
119,수원,2023-08-18 16:43,31.7,0,255.2,2.7,63.3
119,수원,2023-08-18 16:44,31.7,0,233.9,3,63.2
119,수원,2023-08-18 16:45,31.7,0,248,2.9,63.6
119,수원,2023-08-18 16:46,31.6,0,225.8,1.7,63.1
119,수원,2023-08-18 16:47,31.5,0,261.7,2.6,62.7
119,수원,2023-08-18 16:48,31.5,0,250.3,1.6,63.7
119,수원,2023-08-18 16:49,31.6,0,232.9,2.8,63.9
119,수원,2023-08-18 16:50,31.6,0,202.3,2.3,64
119,수원,2023-08-18 16:51,31.6,0,209.4,2.2,64.8
119,수원,2023-08-18 16:52,31.7,0,223.4,3,63.7
119,수원,2023-08-18 16:53,31.6,0,215.5,4.4,63.1
119,수원,2023-08-18 16:54,31.4,0,236.3,1.5,63
119,수원,2023-08-18 16:55,31.4,0,269.4,2.1,64.1
119,수원,2023-08-18 16:56,31.5,0,247.7,2.7,64.4
119,수원,2023-08-18 16:57,31.4,0,232.8,2,64.1
119,수원,2023-08-18 16:58,31.4,0,249.8,1.5,64.2
119,수원,2023-08-18 16:59,31.4,0,294.1,2.8,64.2
119,수원,2023-08-18 17:00,31.4,0,268.4,2.1,63.6
119,수원,2023-08-18 17:01,31.4,0,233.3,2.8,64.4
119,수원,2023-08-18 17:02,31.4,0,240.9,3.2,64.2
119,수원,2023-08-18 17:03,31.3,0,260.3,3,63.8
119,수원,2023-08-18 17:04,31.2,0,232.5,4.2,63.3
119,수원,2023-08-18 17:05,31,0,265.7,2.7,63.4
119,수원,2023-08-18 17:06,30.9,0,245.2,4,63.8
119,수원,2023-08-18 17:07,30.9,0,270.8,2.6,64.4
119,수원,2023-08-18 17:08,30.9,0,223.9,2.8,64.7
119,수원,2023-08-18 17:09,30.9,0,276,3.3,65
119,수원,2023-08-18 17:10,30.9,0,255,3.7,64.8
119,수원,2023-08-18 17:11,30.8,0,272.2,2.6,64.5
119,수원,2023-08-18 17:12,30.9,0,266,1.8,65.1
119,수원,2023-08-18 17:13,31,0,265.4,3.9,65
119,수원,2023-08-18 17:14,31,0,273.3,2.7,63.9
119,수원,2023-08-18 17:15,31,0,258.3,2.6,64.1
119,수원,2023-08-18 17:16,31,0,264.4,3.8,63.7
119,수원,2023-08-18 17:17,30.8,0,266,2.1,63.6
119,수원,2023-08-18 17:18,30.8,0,262.5,3.1,63.9
119,수원,2023-08-18 17:19,30.8,0,307.9,2.6,63.8
119,수원,2023-08-18 17:20,30.9,0,260.4,1.7,64.4
119,수원,2023-08-18 17:21,30.9,0,260.3,1.5,64.7
119,수원,2023-08-18 17:22,31,0,295.7,2.1,65.1
119,수원,2023-08-18 17:23,31.1,0,266,2.5,64.6
119,수원,2023-08-18 17:24,31.1,0,305.5,2.9,64
119,수원,2023-08-18 17:25,31.1,0,322.5,1.5,63.8
119,수원,2023-08-18 17:26,31.2,0,295.5,1.7,64.2
119,수원,2023-08-18 17:27,31.2,0,276.2,2.7,63.8
119,수원,2023-08-18 17:28,31.2,0,305.9,2.7,62.8
119,수원,2023-08-18 17:29,31.1,0,214.3,1.5,62.7
119,수원,2023-08-18 17:30,31.1,0,263.7,1.9,63.2
119,수원,2023-08-18 17:31,31.1,0,236.6,1.7,63.2
119,수원,2023-08-18 17:32,31,0,298.1,3.6,62.4
119,수원,2023-08-18 17:33,30.9,0,265.2,1.9,63.2
119,수원,2023-08-18 17:34,30.9,0,238.6,2.5,63.3
119,수원,2023-08-18 17:35,30.9,0,243.9,1.5,62.8
119,수원,2023-08-18 17:36,30.9,0,269.5,2.8,63.5
119,수원,2023-08-18 17:37,30.9,0,292.9,3.3,63.6
119,수원,2023-08-18 17:38,30.9,0,263.4,2.3,63.4
119,수원,2023-08-18 17:39,30.9,0,256.1,2.8,63.9
119,수원,2023-08-18 17:40,30.9,0,254.6,2.3,63.5
119,수원,2023-08-18 17:41,30.9,0,231.9,2.6,63.7
119,수원,2023-08-18 17:42,30.8,0,269.9,2.8,63.8
119,수원,2023-08-18 17:43,30.7,0,235.7,2.5,63.9
119,수원,2023-08-18 17:44,30.6,0,245.3,1.7,64
119,수원,2023-08-18 17:45,30.5,0,237.2,2.2,64.4
119,수원,2023-08-18 17:46,30.5,0,247.3,2.3,64.5
119,수원,2023-08-18 17:47,30.4,0,239.9,2.9,64.5
119,수원,2023-08-18 17:48,30.4,0,241.2,1.8,64.8
119,수원,2023-08-18 17:49,30.4,0,235.9,2.7,65.4
119,수원,2023-08-18 17:50,30.4,0,243.9,2.7,65.3
119,수원,2023-08-18 17:51,30.4,0,265.2,2,65.6
119,수원,2023-08-18 17:52,30.4,0,285.2,1.5,65.2
119,수원,2023-08-18 17:53,30.4,0,258.5,3.1,65.4
119,수원,2023-08-18 17:54,30.4,0,270,2.5,65.1
119,수원,2023-08-18 17:55,30.4,0,289.2,1.9,65.2
119,수원,2023-08-18 17:56,30.3,0,262.3,1.9,65.2
119,수원,2023-08-18 17:57,30.3,0,242.8,2.7,66.4
119,수원,2023-08-18 17:58,30.3,0,253.9,1.8,66.3
119,수원,2023-08-18 17:59,30.3,0,301.2,2.6,65.6
119,수원,2023-08-18 18:00,30.3,0,254.6,2.7,65.5
119,수원,2023-08-18 18:01,30.3,0,272,1.7,65.9
119,수원,2023-08-18 18:02,30.3,0,279.6,2.2,66
119,수원,2023-08-18 18:03,30.3,0,280,2.7,65.7
119,수원,2023-08-18 18:04,30.3,0,252.8,2.3,65.9
119,수원,2023-08-18 18:05,30.2,0,277.4,1.6,65.9
119,수원,2023-08-18 18:06,30.2,0,249.1,2.3,66.3
119,수원,2023-08-18 18:07,30.2,0,312.7,2.6,65.8
119,수원,2023-08-18 18:08,30.2,0,301.3,3.2,66.1
119,수원,2023-08-18 18:09,30.2,0,257.2,2.4,66
119,수원,2023-08-18 18:10,30.1,0,261.4,2.8,65.9
119,수원,2023-08-18 18:11,30.1,0,264.7,2.7,65.3
119,수원,2023-08-18 18:12,30,0,266.4,2.1,65.6
119,수원,2023-08-18 18:13,30,0,263.9,1.5,66.6
119,수원,2023-08-18 18:14,29.9,0,271.6,1.9,66.9
119,수원,2023-08-18 18:15,29.8,0,298,3.5,67.2
119,수원,2023-08-18 18:16,29.8,0,250.3,1.6,67
119,수원,2023-08-18 18:17,29.7,0,200.7,1,67.3
119,수원,2023-08-18 18:18,29.6,0,257.8,2.3,67.4
119,수원,2023-08-18 18:19,29.6,0,241.6,2.9,67.8
119,수원,2023-08-18 18:20,29.5,0,247,3.4,68.4
119,수원,2023-08-18 18:21,29.4,0,268.3,2.4,68.3
119,수원,2023-08-18 18:22,29.3,0,255.7,1.4,68.6
119,수원,2023-08-18 18:23,29.3,0,226.4,2.4,68.9
119,수원,2023-08-18 18:24,29.3,0,246,3,68.8
119,수원,2023-08-18 18:25,29.2,0,239.5,2.2,68.8
119,수원,2023-08-18 18:26,29.1,0,238.7,2.1,69.4
119,수원,2023-08-18 18:27,29.1,0,211.9,2.7,70
119,수원,2023-08-18 18:28,29,0,224.8,2.2,69.6
119,수원,2023-08-18 18:29,28.9,0,205.8,4,69.5
119,수원,2023-08-18 18:30,28.9,0,209.2,3.2,70.1
119,수원,2023-08-18 18:31,28.9,0,227.5,2.3,70
119,수원,2023-08-18 18:32,28.8,0,242.5,3,70.1
119,수원,2023-08-18 18:33,28.8,0,254.2,1.9,70.2
119,수원,2023-08-18 18:34,28.8,0,224.9,3.4,70.5
119,수원,2023-08-18 18:35,28.7,0,220.9,2.9,70.1
119,수원,2023-08-18 18:36,28.7,0,226.9,3.5,70.5
119,수원,2023-08-18 18:37,28.6,0,232.4,3.1,69.9
119,수원,2023-08-18 18:38,28.6,0,238.5,2.8,70
119,수원,2023-08-18 18:39,28.6,0,230.4,2.7,70.4
119,수원,2023-08-18 18:40,28.6,0,218,1.7,70.5
119,수원,2023-08-18 18:41,28.5,0,227.1,1.6,70.8
119,수원,2023-08-18 18:42,28.5,0,232.5,2.2,70.7
119,수원,2023-08-18 18:43,28.5,0,216.5,2.8,71.4
119,수원,2023-08-18 18:44,28.4,0,213,2.8,71.1
119,수원,2023-08-18 18:45,28.4,0,212.3,2.9,71.2
119,수원,2023-08-18 18:46,28.3,0,238.4,2.1,71.1
119,수원,2023-08-18 18:47,28.2,0,209.8,4,71.4
119,수원,2023-08-18 18:48,28.2,0,220,3.4,71.4
119,수원,2023-08-18 18:49,28.1,0,227.8,3.5,71.4
119,수원,2023-08-18 18:50,28.1,0,237.8,3.6,71.6
119,수원,2023-08-18 18:51,28,0,230.7,3.3,71.5
119,수원,2023-08-18 18:52,28,0,239,2.5,71.9
119,수원,2023-08-18 18:53,27.9,0,239.7,2.3,72.4
119,수원,2023-08-18 18:54,27.9,0,254.8,2.5,72.3
119,수원,2023-08-18 18:55,27.9,0,257.3,2.7,72.1
119,수원,2023-08-18 18:56,27.9,0,218.1,1.8,72.1
119,수원,2023-08-18 18:57,27.9,0,234.9,3.6,72.5
119,수원,2023-08-18 18:58,27.8,0,238.6,3.2,72.2
119,수원,2023-08-18 18:59,27.8,0,220.6,2.8,72.6
119,수원,2023-08-18 19:00,27.7,0,220.2,3.3,72.8
119,수원,2023-08-18 19:01,27.7,0,204.4,2.8,72.9
119,수원,2023-08-18 19:02,27.7,0,237.2,4,72.8
119,수원,2023-08-18 19:03,27.6,0,220.8,2.8,72.7
119,수원,2023-08-18 19:04,27.6,0,220.3,3.9,72.9
119,수원,2023-08-18 19:05,27.6,0,222.2,3.5,72.6
119,수원,2023-08-18 19:06,27.6,0,230.5,4.1,72
119,수원,2023-08-18 19:07,27.6,0,208.8,3.5,72.3
119,수원,2023-08-18 19:08,27.7,0,210.2,3,71.7
119,수원,2023-08-18 19:09,27.7,0,173.6,3,71.9
119,수원,2023-08-18 19:10,27.7,0,196.6,5,71.4
119,수원,2023-08-18 19:11,27.7,0,195.8,2.9,70.4
119,수원,2023-08-18 19:12,27.7,0,229.6,3.6,69.2
119,수원,2023-08-18 19:13,27.7,0,243.3,4.1,69.6
119,수원,2023-08-18 19:14,27.6,0,244.9,2.6,69.4
119,수원,2023-08-18 19:15,27.6,0,272,2.3,69.4
119,수원,2023-08-18 19:16,27.6,0,248.2,3.2,69.8
119,수원,2023-08-18 19:17,27.6,0,220.7,2.9,70
119,수원,2023-08-18 19:18,27.6,0,254.6,4.4,70
119,수원,2023-08-18 19:19,27.6,0,241.3,4.1,70
119,수원,2023-08-18 19:20,27.6,0,224.5,2.4,69.5
119,수원,2023-08-18 19:21,27.6,0,224.4,3.7,69.9
119,수원,2023-08-18 19:22,27.5,0,253.1,1.9,69.5
119,수원,2023-08-18 19:23,27.5,0,245.3,2,69.6
119,수원,2023-08-18 19:24,27.5,0,250.6,2.3,69.2
119,수원,2023-08-18 19:25,27.5,0,277.2,2.7,68.8
119,수원,2023-08-18 19:26,27.5,0,259.5,2.5,69.1
119,수원,2023-08-18 19:27,27.5,0,292.3,1.8,69.3
119,수원,2023-08-18 19:28,27.5,0,238.4,2.8,69.4
119,수원,2023-08-18 19:29,27.5,0,205.1,2.2,69.5
119,수원,2023-08-18 19:30,27.5,0,230.4,2.9,69.9
119,수원,2023-08-18 19:31,27.5,0,252.1,3.2,69.7
119,수원,2023-08-18 19:32,27.5,0,209.5,3,69.6
119,수원,2023-08-18 19:33,27.5,0,191.6,3.2,69.7
119,수원,2023-08-18 19:34,27.5,0,212,2.8,70
119,수원,2023-08-18 19:35,27.4,0,225.8,1.8,70.2
119,수원,2023-08-18 19:36,27.4,0,256.5,1.9,70.5
119,수원,2023-08-18 19:37,27.3,0,226.3,1.9,71
119,수원,2023-08-18 19:38,27.3,0,218.4,2.7,70.4
119,수원,2023-08-18 19:39,27.3,0,221.5,3.2,70.3
119,수원,2023-08-18 19:40,27.3,0,250.8,3.6,70.5
119,수원,2023-08-18 19:41,27.3,0,235.7,2.4,70.6
119,수원,2023-08-18 19:42,27.3,0,225.8,2.9,70.1
119,수원,2023-08-18 19:43,27.3,0,215.4,2,70.1
119,수원,2023-08-18 19:44,27.3,0,223.6,2.9,70.5
119,수원,2023-08-18 19:45,27.2,0,236.8,1.8,70.1
119,수원,2023-08-18 19:46,27.2,0,207.1,2.3,70.4
119,수원,2023-08-18 19:47,27.2,0,237,2.1,70.5
119,수원,2023-08-18 19:48,27.2,0,232.4,2.5,69.4
119,수원,2023-08-18 19:49,27.2,0,240.8,2.9,69.7
119,수원,2023-08-18 19:50,27.2,0,258.5,2.9,69.8
119,수원,2023-08-18 19:51,27.2,0,251.3,3.2,69.9
119,수원,2023-08-18 19:52,27.2,0,234.3,2.8,69.7
119,수원,2023-08-18 19:53,27.2,0,250.8,2.8,69.3
119,수원,2023-08-18 19:54,27.2,0,252.7,2.7,69.4
119,수원,2023-08-18 19:55,27.1,0,247.3,2.6,69.3
119,수원,2023-08-18 19:56,27.1,0,240.5,2.3,68.8
119,수원,2023-08-18 19:57,27.1,0,243.5,2.8,69
119,수원,2023-08-18 19:58,27.1,0,235.1,1.1,68.5
119,수원,2023-08-18 19:59,27.1,0,281.7,1.5,68.9
119,수원,2023-08-18 20:00,27.1,0,301.3,2.3,69.4
119,수원,2023-08-18 20:01,27.1,0,264.1,2.8,68.8
119,수원,2023-08-18 20:02,27.1,0,281.8,2.7,68.4
119,수원,2023-08-18 20:03,27.1,0,249.6,2.6,67.9
119,수원,2023-08-18 20:04,27.1,0,284.6,1.4,68.2
119,수원,2023-08-18 20:05,27.1,0,245.8,2,68.4
119,수원,2023-08-18 20:06,27,0,264.4,1.4,68.3
119,수원,2023-08-18 20:07,27,0,280.8,.9,68.6
119,수원,2023-08-18 20:08,27,0,249.4,1.5,68
119,수원,2023-08-18 20:09,27,0,237.3,1.2,67.9
119,수원,2023-08-18 20:10,27,0,287.1,.5,68.1
119,수원,2023-08-18 20:11,26.9,0,243.4,.2,68.7
119,수원,2023-08-18 20:12,26.9,0,242.7,.4,68.7
119,수원,2023-08-18 20:13,26.9,0,253.6,.8,68.5
119,수원,2023-08-18 20:14,26.9,0,227.6,1.1,68.6
119,수원,2023-08-18 20:15,26.9,0,240.8,2.1,68.6
119,수원,2023-08-18 20:16,26.8,0,236.2,2.8,68.8
119,수원,2023-08-18 20:17,26.8,0,249.3,2.8,69.2
119,수원,2023-08-18 20:18,26.7,0,239.9,3.4,69.2
119,수원,2023-08-18 20:19,26.7,0,232.6,3,69
119,수원,2023-08-18 20:20,26.7,0,239.1,3.4,68.7
119,수원,2023-08-18 20:21,26.7,0,253,2.1,69.3
119,수원,2023-08-18 20:22,26.7,0,255.7,2.1,69
119,수원,2023-08-18 20:23,26.7,0,252.8,1.5,69.3
119,수원,2023-08-18 20:24,26.7,0,257.4,2,69.4
119,수원,2023-08-18 20:25,26.7,0,263,1,69.7
119,수원,2023-08-18 20:26,26.7,0,256.4,1.4,69.8
119,수원,2023-08-18 20:27,26.6,0,227.8,1.2,69.6
119,수원,2023-08-18 20:28,26.6,0,220.3,1.2,69.8
119,수원,2023-08-18 20:29,26.6,0,242.8,1.2,69.8
119,수원,2023-08-18 20:30,26.6,0,235.7,.9,70.1
119,수원,2023-08-18 20:31,26.6,0,277.6,.5,70
119,수원,2023-08-18 20:32,26.5,0,234.5,.4,70.3
119,수원,2023-08-18 20:33,26.5,0,210.4,.9,70.5
119,수원,2023-08-18 20:34,26.5,0,218.9,1.1,70.1
119,수원,2023-08-18 20:35,26.5,0,241.3,.8,70.4
119,수원,2023-08-18 20:36,26.5,0,236.2,.4,70.4
119,수원,2023-08-18 20:37,26.5,0,228.2,.4,70.7
119,수원,2023-08-18 20:38,26.5,0,211.3,.8,70.9
119,수원,2023-08-18 20:39,26.4,0,232.6,.4,71
119,수원,2023-08-18 20:40,26.4,0,205.7,.7,71.3
119,수원,2023-08-18 20:41,26.4,0,211.3,1,71.6
119,수원,2023-08-18 20:42,26.3,0,209.6,1,72.6
119,수원,2023-08-18 20:43,26.3,0,217.4,1.3,72.4
119,수원,2023-08-18 20:44,26.2,0,246.1,1.5,72.7
119,수원,2023-08-18 20:45,26.2,0,217,1,73.2
119,수원,2023-08-18 20:46,26.2,0,215.7,.7,73.4
119,수원,2023-08-18 20:47,26.2,0,220.7,.5,73.2
119,수원,2023-08-18 20:48,26.1,0,228,.5,73.1
119,수원,2023-08-18 20:49,26.1,0,310.6,.3,72.7
119,수원,2023-08-18 20:50,26.1,0,289.6,1.5,72.9
119,수원,2023-08-18 20:51,26.2,0,321.3,1.5,72.3
119,수원,2023-08-18 20:52,26.2,0,263.9,.6,72.7
119,수원,2023-08-18 20:53,26.2,0,256.6,1,72.6
119,수원,2023-08-18 20:54,26.1,0,258.3,.6,73
119,수원,2023-08-18 20:55,26.1,0,254.8,.6,73.6
119,수원,2023-08-18 20:56,26.1,0,217.4,.8,73.6
119,수원,2023-08-18 20:57,26.1,0,253.1,.6,73.5
119,수원,2023-08-18 20:58,26.1,0,247.2,.7,73.5
119,수원,2023-08-18 20:59,26.1,0,260.4,.7,73.6
119,수원,2023-08-18 21:00,26,0,293.9,.7,73.6
119,수원,2023-08-18 21:01,26,0,258,.9,73.3
119,수원,2023-08-18 21:02,26.1,0,251.2,1.2,73.2
119,수원,2023-08-18 21:03,26.1,0,267.6,.5,73.3
119,수원,2023-08-18 21:04,26.1,0,293.3,.6,72.9
119,수원,2023-08-18 21:05,26.1,0,230.4,.3,73.1
119,수원,2023-08-18 21:06,26.1,0,246.8,1.2,73.6
119,수원,2023-08-18 21:07,26.1,0,269.3,1.3,73.6
119,수원,2023-08-18 21:08,26.1,0,249.1,1,74
119,수원,2023-08-18 21:09,26.1,0,289.8,.8,73.5
119,수원,2023-08-18 21:10,26.1,0,251.6,.8,73.8
119,수원,2023-08-18 21:11,26.1,0,278.8,.7,74
119,수원,2023-08-18 21:12,26,0,240.2,.5,74.4
119,수원,2023-08-18 21:13,26,0,258.2,.8,74.1
119,수원,2023-08-18 21:14,26,0,226.4,.3,74.4
119,수원,2023-08-18 21:15,26,0,305,0,74.4
119,수원,2023-08-18 21:16,26,0,228.6,.1,75.2
119,수원,2023-08-18 21:17,26,0,213.8,0,75
119,수원,2023-08-18 21:18,26,0,237.8,0,74.5
119,수원,2023-08-18 21:19,26,0,249.5,0,74.4
119,수원,2023-08-18 21:20,25.9,0,228.3,0,74.4
119,수원,2023-08-18 21:21,25.9,0,253.5,0,74.3
119,수원,2023-08-18 21:22,25.9,0,250.3,0,74.4
119,수원,2023-08-18 21:23,25.9,0,215,.8,74.7
119,수원,2023-08-18 21:24,25.9,0,231.2,1,74.6
119,수원,2023-08-18 21:25,25.9,0,206.7,.4,74.6
119,수원,2023-08-18 21:26,25.9,0,225.1,.5,74.6
119,수원,2023-08-18 21:27,25.9,0,208.2,1,75.2
119,수원,2023-08-18 21:28,25.9,0,172.3,.5,74.7
119,수원,2023-08-18 21:29,25.9,0,198.7,.1,75
119,수원,2023-08-18 21:30,25.9,0,211.2,.8,75.7
119,수원,2023-08-18 21:31,25.9,0,212.8,.7,75.8
119,수원,2023-08-18 21:32,25.8,0,239.5,.5,75.6
119,수원,2023-08-18 21:33,25.8,0,208.7,.7,75.6
119,수원,2023-08-18 21:34,25.8,0,240.7,1.1,75.6
119,수원,2023-08-18 21:35,25.8,0,235.6,1.7,75.9
119,수원,2023-08-18 21:36,25.8,0,228.3,1.2,75.8
119,수원,2023-08-18 21:37,25.8,0,213.2,1.9,76
119,수원,2023-08-18 21:38,25.8,0,215.6,1.9,76.5
119,수원,2023-08-18 21:39,25.7,0,214.9,2,77
119,수원,2023-08-18 21:40,25.7,0,211.6,1.8,77.4
119,수원,2023-08-18 21:41,25.6,0,204,1.8,77.7
119,수원,2023-08-18 21:42,25.6,0,219.9,1.7,77.3
119,수원,2023-08-18 21:43,25.6,0,245.8,1.9,77.5
119,수원,2023-08-18 21:44,25.6,0,208.8,1.7,77.2
119,수원,2023-08-18 21:45,25.6,0,216.2,1.5,77.3
119,수원,2023-08-18 21:46,25.6,0,208.5,1.2,77.5
119,수원,2023-08-18 21:47,25.6,0,204,1.3,77.8
119,수원,2023-08-18 21:48,25.5,0,233.9,1.4,77.5
119,수원,2023-08-18 21:49,25.5,0,199.1,1.3,77.7
119,수원,2023-08-18 21:50,25.5,0,210.8,1.4,78
119,수원,2023-08-18 21:51,25.5,0,224.2,2,78.1
119,수원,2023-08-18 21:52,25.5,0,225.4,1.7,78.1
119,수원,2023-08-18 21:53,25.5,0,231.1,1.5,77.9
119,수원,2023-08-18 21:54,25.5,0,230.7,1.6,78.2
119,수원,2023-08-18 21:55,25.5,0,226.3,1.7,78.4
119,수원,2023-08-18 21:56,25.5,0,222.4,2,78.6
119,수원,2023-08-18 21:57,25.4,0,220.8,2.3,78.9
119,수원,2023-08-18 21:58,25.4,0,217.8,2.8,78.8
119,수원,2023-08-18 21:59,25.4,0,227,2.4,79
119,수원,2023-08-18 22:00,25.4,0,217.2,2.1,78.7
119,수원,2023-08-18 22:01,25.4,0,224.2,1.8,78.9
119,수원,2023-08-18 22:02,25.4,0,222.3,2,79.1
119,수원,2023-08-18 22:03,25.4,0,210.4,2.3,79.1
119,수원,2023-08-18 22:04,25.4,0,229.4,2.5,79.7
119,수원,2023-08-18 22:05,25.3,0,237.4,2,79.5
119,수원,2023-08-18 22:06,25.3,0,234.7,1.2,79.5
119,수원,2023-08-18 22:07,25.3,0,229.4,1.4,79.4
119,수원,2023-08-18 22:08,25.3,0,228.3,1.4,79.7
119,수원,2023-08-18 22:09,25.3,0,229.7,1.3,79.7
119,수원,2023-08-18 22:10,25.3,0,222,1.6,79.9
119,수원,2023-08-18 22:11,25.3,0,246.9,1.2,79.7
119,수원,2023-08-18 22:12,25.3,0,237.9,.9,79.7
119,수원,2023-08-18 22:13,25.3,0,252.9,1.4,79.5
119,수원,2023-08-18 22:14,25.3,0,204.5,2.3,79.6
119,수원,2023-08-18 22:15,25.3,0,237.2,1.6,79.2
119,수원,2023-08-18 22:16,25.3,0,226.8,1.2,79
119,수원,2023-08-18 22:17,25.3,0,231,1.4,79
119,수원,2023-08-18 22:18,25.3,0,231.9,1.7,79
119,수원,2023-08-18 22:19,25.3,0,235.5,1.7,79.2
119,수원,2023-08-18 22:20,25.3,0,229.9,1.6,79.5
119,수원,2023-08-18 22:21,25.3,0,247.1,.9,79.6
119,수원,2023-08-18 22:22,25.3,0,152.7,.8,79.2
119,수원,2023-08-18 22:23,25.3,0,197.3,.7,79.4
119,수원,2023-08-18 22:24,25.2,0,202.6,1.8,79.2
119,수원,2023-08-18 22:25,25.2,0,181.6,1.5,79.2
119,수원,2023-08-18 22:26,25.2,0,186.7,1.5,78.9
119,수원,2023-08-18 22:27,25.2,0,165.5,1.3,78.5
119,수원,2023-08-18 22:28,25.2,0,205.7,1.2,78.5
119,수원,2023-08-18 22:29,25.3,0,206.5,1.6,78.2
119,수원,2023-08-18 22:30,25.3,0,194.8,1.1,78.2
119,수원,2023-08-18 22:31,25.3,0,202.3,1.3,78.6
119,수원,2023-08-18 22:32,25.3,0,207.2,2.5,78.6
119,수원,2023-08-18 22:33,25.3,0,237.3,1.5,78.1
119,수원,2023-08-18 22:34,25.3,0,199.3,1.9,78.4
119,수원,2023-08-18 22:35,25.3,0,197.2,1.3,78.1
119,수원,2023-08-18 22:36,25.3,0,190.4,.9,78.6
119,수원,2023-08-18 22:37,25.3,0,209.5,1.9,78.4
119,수원,2023-08-18 22:38,25.3,0,205.3,1.7,78.3
119,수원,2023-08-18 22:39,25.3,0,229.8,.7,78.5
119,수원,2023-08-18 22:40,25.3,0,212.7,1.2,78.6
119,수원,2023-08-18 22:41,25.3,0,210.2,1.2,78.5
119,수원,2023-08-18 22:42,25.3,0,236.6,1.2,78.6
119,수원,2023-08-18 22:43,25.3,0,214,2,78.7
119,수원,2023-08-18 22:44,25.3,0,220.7,.7,78.6
119,수원,2023-08-18 22:45,25.3,0,217.9,.9,78.5
119,수원,2023-08-18 22:46,25.3,0,218.7,1,78.6
119,수원,2023-08-18 22:47,25.3,0,229,1,79
119,수원,2023-08-18 22:48,25.3,0,228.6,1.5,78.6
119,수원,2023-08-18 22:49,25.3,0,223.4,.7,78.9
119,수원,2023-08-18 22:50,25.3,0,236.5,1.8,78.8
119,수원,2023-08-18 22:51,25.3,0,216.9,1.9,78.9
119,수원,2023-08-18 22:52,25.3,0,215.6,1.8,78.9
119,수원,2023-08-18 22:53,25.3,0,217.5,2.1,79
119,수원,2023-08-18 22:54,25.3,0,233.7,1.9,79
119,수원,2023-08-18 22:55,25.3,0,226.1,1.7,78.9
119,수원,2023-08-18 22:56,25.3,0,234.8,1.4,79.1
119,수원,2023-08-18 22:57,25.3,0,222.4,1.6,79.2
119,수원,2023-08-18 22:58,25.2,0,230.2,1.7,79.4
119,수원,2023-08-18 22:59,25.2,0,232.1,1,79.2
119,수원,2023-08-18 23:00,25.3,0,244.8,1.2,78.7
119,수원,2023-08-18 23:01,25.3,0,255.9,1.1,78.9
119,수원,2023-08-18 23:02,25.3,0,215.6,1.3,78.9
119,수원,2023-08-18 23:03,25.3,0,222.2,1.1,78.7
119,수원,2023-08-18 23:04,25.3,0,239.1,1.2,78.9
119,수원,2023-08-18 23:05,25.3,0,231.8,1,79.1
119,수원,2023-08-18 23:06,25.3,0,200.4,.8,78.7
119,수원,2023-08-18 23:07,25.3,0,221.4,1,78.6
119,수원,2023-08-18 23:08,25.3,0,219.4,.8,78.8
119,수원,2023-08-18 23:09,25.3,0,210.6,.7,78.8
119,수원,2023-08-18 23:10,25.3,0,223.6,.8,78.7
119,수원,2023-08-18 23:11,25.3,0,216.7,1.1,78.9
119,수원,2023-08-18 23:12,25.3,0,194.9,1.1,79
119,수원,2023-08-18 23:13,25.3,0,192.9,1.2,79
119,수원,2023-08-18 23:14,25.3,0,204.4,.8,78.5
119,수원,2023-08-18 23:15,25.3,0,245.6,.8,78.5
119,수원,2023-08-18 23:16,25.4,0,249,1,78.7
119,수원,2023-08-18 23:17,25.4,0,215.2,1,78.4
119,수원,2023-08-18 23:18,25.4,0,212.5,.3,78.1
119,수원,2023-08-18 23:19,25.4,0,183,.5,78.4
119,수원,2023-08-18 23:20,25.4,0,176.6,.7,78.4
119,수원,2023-08-18 23:21,25.4,0,178.3,.8,78.4
119,수원,2023-08-18 23:22,25.4,0,192.3,.7,78.2
119,수원,2023-08-18 23:23,25.4,0,193.5,.3,78
119,수원,2023-08-18 23:24,25.4,0,177.1,0,78.1
119,수원,2023-08-18 23:25,25.4,0,166.2,0,78
119,수원,2023-08-18 23:26,25.4,0,200.3,0,77.8
119,수원,2023-08-18 23:27,25.4,0,181.6,0,77.6
119,수원,2023-08-18 23:28,25.4,0,122.8,0,77.6
119,수원,2023-08-18 23:29,25.4,0,140,1.5,77.4
119,수원,2023-08-18 23:30,25.4,0,122.6,1.2,77.3
119,수원,2023-08-18 23:31,25.4,0,122.1,1.3,77.6
119,수원,2023-08-18 23:32,25.4,0,133.5,1.7,76.9
119,수원,2023-08-18 23:33,25.4,0,123.9,1.5,76.5
119,수원,2023-08-18 23:34,25.4,0,125.9,1.7,75.9
119,수원,2023-08-18 23:35,25.4,0,139.4,1.6,76
119,수원,2023-08-18 23:36,25.4,0,177.9,.5,75.6
119,수원,2023-08-18 23:37,25.4,0,130.2,1.6,75.6
119,수원,2023-08-18 23:38,25.5,0,146.1,1.5,75.5
119,수원,2023-08-18 23:39,25.5,0,156.2,1.1,75.2
119,수원,2023-08-18 23:40,25.5,0,137.3,1.5,75
119,수원,2023-08-18 23:41,25.5,0,142.7,1,75.5
119,수원,2023-08-18 23:42,25.5,0,123.8,2.2,75.2
119,수원,2023-08-18 23:43,25.6,0,114.7,2.6,75.4
119,수원,2023-08-18 23:44,25.5,0,122.2,2.8,75.7
119,수원,2023-08-18 23:45,25.5,0,122.6,2.4,75.9
119,수원,2023-08-18 23:46,25.5,0,132.4,2.2,76.1
119,수원,2023-08-18 23:47,25.5,0,128,2.1,76.1
119,수원,2023-08-18 23:48,25.5,0,118.5,1.6,76.1
119,수원,2023-08-18 23:49,25.5,0,124.1,1.5,76
119,수원,2023-08-18 23:50,25.5,0,150.3,2.3,76
119,수원,2023-08-18 23:51,25.5,0,133.9,2.1,75.9
119,수원,2023-08-18 23:52,25.5,0,136.6,1.7,76
119,수원,2023-08-18 23:53,25.5,0,138.5,2,76.3
119,수원,2023-08-18 23:54,25.5,0,128.5,1.2,75.5
119,수원,2023-08-18 23:55,25.6,0,137.4,1.5,75.5
119,수원,2023-08-18 23:56,25.6,0,150.5,1.3,76
119,수원,2023-08-18 23:57,25.5,0,156.8,1.8,76
119,수원,2023-08-18 23:58,25.5,0,130.8,1.4,75.6
119,수원,2023-08-18 23:59,25.5,0,130.2,1.5,75.7
119,수원,2023-08-19 00:00,25.5,0,125.3,1.2,76
